--------------------------------------------------------
-- Archivo creado  - jueves-septiembre-13-2018   
--------------------------------------------------------
--------------------------------------------------------
--  DDL for Sequence DTS_AREA
--------------------------------------------------------

   CREATE SEQUENCE  "DIGITURNO"."DTS_AREA"  MINVALUE 1 MAXVALUE 999999999999999999999999999 INCREMENT BY 1 START WITH 22 NOCACHE  NOORDER  NOCYCLE ;
--------------------------------------------------------
--  DDL for Sequence DTS_CLIENTE_ROL
--------------------------------------------------------

   CREATE SEQUENCE  "DIGITURNO"."DTS_CLIENTE_ROL"  MINVALUE 1 MAXVALUE 9999999999999999999999999999 INCREMENT BY 1 START WITH 1 NOCACHE  NOORDER  NOCYCLE ;
--------------------------------------------------------
--  DDL for Sequence DTS_CLIENTE_SERVICIO
--------------------------------------------------------

   CREATE SEQUENCE  "DIGITURNO"."DTS_CLIENTE_SERVICIO"  MINVALUE 1 MAXVALUE 999999999999999999999999999 INCREMENT BY 1 START WITH 1 NOCACHE  NOORDER  NOCYCLE ;
--------------------------------------------------------
--  DDL for Sequence DTS_ESTADO
--------------------------------------------------------

   CREATE SEQUENCE  "DIGITURNO"."DTS_ESTADO"  MINVALUE 1 MAXVALUE 999999999999999999999999999 INCREMENT BY 1 START WITH 1 NOCACHE  NOORDER  NOCYCLE ;
--------------------------------------------------------
--  DDL for Sequence DTS_ROL
--------------------------------------------------------

   CREATE SEQUENCE  "DIGITURNO"."DTS_ROL"  MINVALUE 1 MAXVALUE 9999999999999999999999999999 INCREMENT BY 1 START WITH 1 NOCACHE  NOORDER  NOCYCLE ;
--------------------------------------------------------
--  DDL for Sequence DTS_SERVICIO
--------------------------------------------------------

   CREATE SEQUENCE  "DIGITURNO"."DTS_SERVICIO"  MINVALUE 1 MAXVALUE 999999999999999999999999999 INCREMENT BY 1 START WITH 1 NOCACHE  NOORDER  NOCYCLE ;
--------------------------------------------------------
--  DDL for Sequence DTS_TIPO_USUARIO
--------------------------------------------------------

   CREATE SEQUENCE  "DIGITURNO"."DTS_TIPO_USUARIO"  MINVALUE 1 MAXVALUE 999999999999999999999999999 INCREMENT BY 1 START WITH 1 NOCACHE  NOORDER  NOCYCLE ;
--------------------------------------------------------
--  DDL for Sequence DTS_TIPO_USUARIO_SERVICIO
--------------------------------------------------------

   CREATE SEQUENCE  "DIGITURNO"."DTS_TIPO_USUARIO_SERVICIO"  MINVALUE 1 MAXVALUE 999999999999999999999999999 INCREMENT BY 1 START WITH 1 NOCACHE  NOORDER  NOCYCLE ;
--------------------------------------------------------
--  DDL for Sequence DTS_TURNO
--------------------------------------------------------

   CREATE SEQUENCE  "DIGITURNO"."DTS_TURNO"  MINVALUE 1 MAXVALUE 999999999999999999999999999 INCREMENT BY 1 START WITH 1 NOCACHE  NOORDER  NOCYCLE ;
--------------------------------------------------------
--  DDL for Table DGT_AREA
--------------------------------------------------------

  CREATE TABLE "DIGITURNO"."DGT_AREA" 
   (	"SEQ_AREA" NUMBER, 
	"NAM_AREA" VARCHAR2(32 BYTE)
   ) SEGMENT CREATION IMMEDIATE 
  PCTFREE 10 PCTUSED 40 INITRANS 1 MAXTRANS 255 NOCOMPRESS LOGGING
  STORAGE(INITIAL 65536 NEXT 1048576 MINEXTENTS 1 MAXEXTENTS 2147483645
  PCTINCREASE 0 FREELISTS 1 FREELIST GROUPS 1 BUFFER_POOL DEFAULT FLASH_CACHE DEFAULT CELL_FLASH_CACHE DEFAULT)
  TABLESPACE "USERS" ;
--------------------------------------------------------
--  DDL for Table DGT_AUDITORIA_TURNO
--------------------------------------------------------

  CREATE TABLE "DIGITURNO"."DGT_AUDITORIA_TURNO" 
   (	"NUMERO_TURNO" NUMBER, 
	"HORA_AUDITORIA" DATE, 
	"SEQ_AGENTE" NUMBER, 
	"ESTADO" VARCHAR2(32 BYTE), 
	"DESCRIPCION" VARCHAR2(32 BYTE)
   ) SEGMENT CREATION IMMEDIATE 
  PCTFREE 10 PCTUSED 40 INITRANS 1 MAXTRANS 255 NOCOMPRESS LOGGING
  STORAGE(INITIAL 65536 NEXT 1048576 MINEXTENTS 1 MAXEXTENTS 2147483645
  PCTINCREASE 0 FREELISTS 1 FREELIST GROUPS 1 BUFFER_POOL DEFAULT FLASH_CACHE DEFAULT CELL_FLASH_CACHE DEFAULT)
  TABLESPACE "USERS" ;
--------------------------------------------------------
--  DDL for Table DGT_CLIENTE
--------------------------------------------------------

  CREATE TABLE "DIGITURNO"."DGT_CLIENTE" 
   (	"CLIENTE_CEDULA_PK" NUMBER(10,0), 
	"NAM_CLIENTE" VARCHAR2(32 BYTE), 
	"APELLIDO_CLIENTE" VARCHAR2(32 BYTE), 
	"CORREO_CLIENTE" VARCHAR2(32 BYTE), 
	"CLAVE_CLIENTE" VARCHAR2(50 BYTE)
   ) SEGMENT CREATION IMMEDIATE 
  PCTFREE 10 PCTUSED 40 INITRANS 1 MAXTRANS 255 NOCOMPRESS LOGGING
  STORAGE(INITIAL 65536 NEXT 1048576 MINEXTENTS 1 MAXEXTENTS 2147483645
  PCTINCREASE 0 FREELISTS 1 FREELIST GROUPS 1 BUFFER_POOL DEFAULT FLASH_CACHE DEFAULT CELL_FLASH_CACHE DEFAULT)
  TABLESPACE "USERS" ;
--------------------------------------------------------
--  DDL for Table DGT_CLIENTE_ROL
--------------------------------------------------------

  CREATE TABLE "DIGITURNO"."DGT_CLIENTE_ROL" 
   (	"SEQ_CLIENTE_ROL" NUMBER(*,0), 
	"CLIENTE_CEDULA_F1" NUMBER(10,0), 
	"SEQ_ROL_F2" NUMBER, 
	"SEQ_AREA_F3" NUMBER, 
	"SEQ_ESTADO_F4" NUMBER, 
	"MODULO_ATENCION" VARCHAR2(20 BYTE)
   ) SEGMENT CREATION IMMEDIATE 
  PCTFREE 10 PCTUSED 40 INITRANS 1 MAXTRANS 255 NOCOMPRESS LOGGING
  STORAGE(INITIAL 65536 NEXT 1048576 MINEXTENTS 1 MAXEXTENTS 2147483645
  PCTINCREASE 0 FREELISTS 1 FREELIST GROUPS 1 BUFFER_POOL DEFAULT FLASH_CACHE DEFAULT CELL_FLASH_CACHE DEFAULT)
  TABLESPACE "USERS" ;
--------------------------------------------------------
--  DDL for Table DGT_CLIENTE_SERVICIO
--------------------------------------------------------

  CREATE TABLE "DIGITURNO"."DGT_CLIENTE_SERVICIO" 
   (	"SEQ_CLIENTE_SERVICIO" NUMBER, 
	"SEQ_CLIENTE_F1" NUMBER, 
	"SEQ_SERVICIO_F2" NUMBER
   ) SEGMENT CREATION IMMEDIATE 
  PCTFREE 10 PCTUSED 40 INITRANS 1 MAXTRANS 255 NOCOMPRESS LOGGING
  STORAGE(INITIAL 65536 NEXT 1048576 MINEXTENTS 1 MAXEXTENTS 2147483645
  PCTINCREASE 0 FREELISTS 1 FREELIST GROUPS 1 BUFFER_POOL DEFAULT FLASH_CACHE DEFAULT CELL_FLASH_CACHE DEFAULT)
  TABLESPACE "USERS" ;
--------------------------------------------------------
--  DDL for Table DGT_ESTADO
--------------------------------------------------------

  CREATE TABLE "DIGITURNO"."DGT_ESTADO" 
   (	"SEQ_ESTADO" NUMBER, 
	"NAM_ESTADO" VARCHAR2(32 BYTE), 
	"TIEMPO_MAXIMO_MINUTOS" VARCHAR2(2 BYTE)
   ) SEGMENT CREATION IMMEDIATE 
  PCTFREE 10 PCTUSED 40 INITRANS 1 MAXTRANS 255 NOCOMPRESS LOGGING
  STORAGE(INITIAL 65536 NEXT 1048576 MINEXTENTS 1 MAXEXTENTS 2147483645
  PCTINCREASE 0 FREELISTS 1 FREELIST GROUPS 1 BUFFER_POOL DEFAULT FLASH_CACHE DEFAULT CELL_FLASH_CACHE DEFAULT)
  TABLESPACE "USERS" ;
--------------------------------------------------------
--  DDL for Table DGT_ROL
--------------------------------------------------------

  CREATE TABLE "DIGITURNO"."DGT_ROL" 
   (	"SEQ_ROL" NUMBER, 
	"NAM_ROL" VARCHAR2(32 BYTE)
   ) SEGMENT CREATION IMMEDIATE 
  PCTFREE 10 PCTUSED 40 INITRANS 1 MAXTRANS 255 NOCOMPRESS LOGGING
  STORAGE(INITIAL 65536 NEXT 1048576 MINEXTENTS 1 MAXEXTENTS 2147483645
  PCTINCREASE 0 FREELISTS 1 FREELIST GROUPS 1 BUFFER_POOL DEFAULT FLASH_CACHE DEFAULT CELL_FLASH_CACHE DEFAULT)
  TABLESPACE "USERS" ;
--------------------------------------------------------
--  DDL for Table DGT_SERVICIO
--------------------------------------------------------

  CREATE TABLE "DIGITURNO"."DGT_SERVICIO" 
   (	"SEQ_SERVICIO" NUMBER, 
	"SERVICIO_ANTECESOR" NUMBER, 
	"NAM_SERVICIO" VARCHAR2(32 BYTE)
   ) SEGMENT CREATION IMMEDIATE 
  PCTFREE 10 PCTUSED 40 INITRANS 1 MAXTRANS 255 NOCOMPRESS LOGGING
  STORAGE(INITIAL 65536 NEXT 1048576 MINEXTENTS 1 MAXEXTENTS 2147483645
  PCTINCREASE 0 FREELISTS 1 FREELIST GROUPS 1 BUFFER_POOL DEFAULT FLASH_CACHE DEFAULT CELL_FLASH_CACHE DEFAULT)
  TABLESPACE "USERS" ;
--------------------------------------------------------
--  DDL for Table DGT_TIPO_USUARIO
--------------------------------------------------------

  CREATE TABLE "DIGITURNO"."DGT_TIPO_USUARIO" 
   (	"SEQ_TIPO_USUARIO" NUMBER, 
	"NAM_TIPO_USUARIO" VARCHAR2(32 BYTE), 
	"PRIORIDAD" VARCHAR2(20 BYTE)
   ) SEGMENT CREATION IMMEDIATE 
  PCTFREE 10 PCTUSED 40 INITRANS 1 MAXTRANS 255 NOCOMPRESS LOGGING
  STORAGE(INITIAL 65536 NEXT 1048576 MINEXTENTS 1 MAXEXTENTS 2147483645
  PCTINCREASE 0 FREELISTS 1 FREELIST GROUPS 1 BUFFER_POOL DEFAULT FLASH_CACHE DEFAULT CELL_FLASH_CACHE DEFAULT)
  TABLESPACE "USERS" ;
--------------------------------------------------------
--  DDL for Table DGT_TIPO_USUARIO_SERVICIO
--------------------------------------------------------

  CREATE TABLE "DIGITURNO"."DGT_TIPO_USUARIO_SERVICIO" 
   (	"SEQ_TIPO_USUARIO_SERVICIO" NUMBER, 
	"SEQ_TIPO_USUARIO_F2" NUMBER, 
	"SEQ_SERVICIO_F1" NUMBER
   ) SEGMENT CREATION IMMEDIATE 
  PCTFREE 10 PCTUSED 40 INITRANS 1 MAXTRANS 255 NOCOMPRESS LOGGING
  STORAGE(INITIAL 65536 NEXT 1048576 MINEXTENTS 1 MAXEXTENTS 2147483645
  PCTINCREASE 0 FREELISTS 1 FREELIST GROUPS 1 BUFFER_POOL DEFAULT FLASH_CACHE DEFAULT CELL_FLASH_CACHE DEFAULT)
  TABLESPACE "USERS" ;
--------------------------------------------------------
--  DDL for Table DGT_TURNO
--------------------------------------------------------

  CREATE TABLE "DIGITURNO"."DGT_TURNO" 
   (	"SEQ_TURNO" NUMBER, 
	"NUMERO_TURNO" VARCHAR2(20 BYTE), 
	"HORA_SOLICITUD" DATE, 
	"HORA_ATENCION" DATE, 
	"HORA_FINALIZACION" DATE, 
	"NOMBRE_USUARIO" VARCHAR2(64 BYTE), 
	"IDENTIFICACION_USUARIO" NUMBER, 
	"PROGRAMA_USUARIO" VARCHAR2(64 BYTE), 
	"FACULTAD_USUARIO" VARCHAR2(64 BYTE), 
	"SEMESTRE_ACTUAL_USUARIO" VARCHAR2(64 BYTE), 
	"SEQ_TIPO_USUARIO_SERVICIO_F2" NUMBER, 
	"SEQ_AGENTE_SERVICIO_F1" NUMBER, 
	"SERVICIO_SELECCIONADO" VARCHAR2(20 BYTE)
   ) SEGMENT CREATION IMMEDIATE 
  PCTFREE 10 PCTUSED 40 INITRANS 1 MAXTRANS 255 NOCOMPRESS LOGGING
  STORAGE(INITIAL 65536 NEXT 1048576 MINEXTENTS 1 MAXEXTENTS 2147483645
  PCTINCREASE 0 FREELISTS 1 FREELIST GROUPS 1 BUFFER_POOL DEFAULT FLASH_CACHE DEFAULT CELL_FLASH_CACHE DEFAULT)
  TABLESPACE "USERS" ;
--------------------------------------------------------
--  DDL for Table MENSAJE
--------------------------------------------------------

  CREATE TABLE "DIGITURNO"."MENSAJE" 
   (	"ID" NUMBER(10,0), 
	"TITULO" VARCHAR2(50 BYTE), 
	"MENSAJE" VARCHAR2(50 BYTE)
   ) SEGMENT CREATION IMMEDIATE 
  PCTFREE 10 PCTUSED 40 INITRANS 1 MAXTRANS 255 NOCOMPRESS LOGGING
  STORAGE(INITIAL 65536 NEXT 1048576 MINEXTENTS 1 MAXEXTENTS 2147483645
  PCTINCREASE 0 FREELISTS 1 FREELIST GROUPS 1 BUFFER_POOL DEFAULT FLASH_CACHE DEFAULT CELL_FLASH_CACHE DEFAULT)
  TABLESPACE "USERS" ;
REM INSERTING into DIGITURNO.DGT_AREA
SET DEFINE OFF;
Insert into DIGITURNO.DGT_AREA (SEQ_AREA,NAM_AREA) values ('19','Cancelacion');
Insert into DIGITURNO.DGT_AREA (SEQ_AREA,NAM_AREA) values ('1','Cordinacion academica');
Insert into DIGITURNO.DGT_AREA (SEQ_AREA,NAM_AREA) values ('2','Tesoreria');
REM INSERTING into DIGITURNO.DGT_AUDITORIA_TURNO
SET DEFINE OFF;
Insert into DIGITURNO.DGT_AUDITORIA_TURNO (NUMERO_TURNO,HORA_AUDITORIA,SEQ_AGENTE,ESTADO,DESCRIPCION) values ('1',to_date('13/09/18','DD/MM/RR'),'2','1','asd');
REM INSERTING into DIGITURNO.DGT_CLIENTE
SET DEFINE OFF;
Insert into DIGITURNO.DGT_CLIENTE (CLIENTE_CEDULA_PK,NAM_CLIENTE,APELLIDO_CLIENTE,CORREO_CLIENTE,CLAVE_CLIENTE) values ('1113688182','Cristian','López','cclr@hotmail.com','assd');
Insert into DIGITURNO.DGT_CLIENTE (CLIENTE_CEDULA_PK,NAM_CLIENTE,APELLIDO_CLIENTE,CORREO_CLIENTE,CLAVE_CLIENTE) values ('182558794','Sebastian','cuadros','asd@asd.com','asd');
Insert into DIGITURNO.DGT_CLIENTE (CLIENTE_CEDULA_PK,NAM_CLIENTE,APELLIDO_CLIENTE,CORREO_CLIENTE,CLAVE_CLIENTE) values ('13235432','daniel','Segovia','qasd@asds,com','asdq');
REM INSERTING into DIGITURNO.DGT_CLIENTE_ROL
SET DEFINE OFF;
Insert into DIGITURNO.DGT_CLIENTE_ROL (SEQ_CLIENTE_ROL,CLIENTE_CEDULA_F1,SEQ_ROL_F2,SEQ_AREA_F3,SEQ_ESTADO_F4,MODULO_ATENCION) values ('1','1113688182','3',null,null,null);
Insert into DIGITURNO.DGT_CLIENTE_ROL (SEQ_CLIENTE_ROL,CLIENTE_CEDULA_F1,SEQ_ROL_F2,SEQ_AREA_F3,SEQ_ESTADO_F4,MODULO_ATENCION) values ('2','182558794','3',null,null,null);
Insert into DIGITURNO.DGT_CLIENTE_ROL (SEQ_CLIENTE_ROL,CLIENTE_CEDULA_F1,SEQ_ROL_F2,SEQ_AREA_F3,SEQ_ESTADO_F4,MODULO_ATENCION) values ('3','13235432','2',null,null,null);
Insert into DIGITURNO.DGT_CLIENTE_ROL (SEQ_CLIENTE_ROL,CLIENTE_CEDULA_F1,SEQ_ROL_F2,SEQ_AREA_F3,SEQ_ESTADO_F4,MODULO_ATENCION) values ('4','13235432','1',null,null,null);
REM INSERTING into DIGITURNO.DGT_CLIENTE_SERVICIO
SET DEFINE OFF;
Insert into DIGITURNO.DGT_CLIENTE_SERVICIO (SEQ_CLIENTE_SERVICIO,SEQ_CLIENTE_F1,SEQ_SERVICIO_F2) values ('1','1','2');
Insert into DIGITURNO.DGT_CLIENTE_SERVICIO (SEQ_CLIENTE_SERVICIO,SEQ_CLIENTE_F1,SEQ_SERVICIO_F2) values ('2','1','3');
Insert into DIGITURNO.DGT_CLIENTE_SERVICIO (SEQ_CLIENTE_SERVICIO,SEQ_CLIENTE_F1,SEQ_SERVICIO_F2) values ('3','2','6');
Insert into DIGITURNO.DGT_CLIENTE_SERVICIO (SEQ_CLIENTE_SERVICIO,SEQ_CLIENTE_F1,SEQ_SERVICIO_F2) values ('4','2','4');
REM INSERTING into DIGITURNO.DGT_ESTADO
SET DEFINE OFF;
Insert into DIGITURNO.DGT_ESTADO (SEQ_ESTADO,NAM_ESTADO,TIEMPO_MAXIMO_MINUTOS) values ('1','Activo',null);
Insert into DIGITURNO.DGT_ESTADO (SEQ_ESTADO,NAM_ESTADO,TIEMPO_MAXIMO_MINUTOS) values ('2','Inactivo total',null);
Insert into DIGITURNO.DGT_ESTADO (SEQ_ESTADO,NAM_ESTADO,TIEMPO_MAXIMO_MINUTOS) values ('3','Break','15');
Insert into DIGITURNO.DGT_ESTADO (SEQ_ESTADO,NAM_ESTADO,TIEMPO_MAXIMO_MINUTOS) values ('4','Baño','5');
REM INSERTING into DIGITURNO.DGT_ROL
SET DEFINE OFF;
Insert into DIGITURNO.DGT_ROL (SEQ_ROL,NAM_ROL) values ('1','Administrador');
Insert into DIGITURNO.DGT_ROL (SEQ_ROL,NAM_ROL) values ('2','Directivo');
Insert into DIGITURNO.DGT_ROL (SEQ_ROL,NAM_ROL) values ('3','Agente');
REM INSERTING into DIGITURNO.DGT_SERVICIO
SET DEFINE OFF;
Insert into DIGITURNO.DGT_SERVICIO (SEQ_SERVICIO,SERVICIO_ANTECESOR,NAM_SERVICIO) values ('1',null,'Cambio horario');
Insert into DIGITURNO.DGT_SERVICIO (SEQ_SERVICIO,SERVICIO_ANTECESOR,NAM_SERVICIO) values ('2','1','Psico');
Insert into DIGITURNO.DGT_SERVICIO (SEQ_SERVICIO,SERVICIO_ANTECESOR,NAM_SERVICIO) values ('4','1','Ing');
Insert into DIGITURNO.DGT_SERVICIO (SEQ_SERVICIO,SERVICIO_ANTECESOR,NAM_SERVICIO) values ('5','1','Sugerencia horario');
Insert into DIGITURNO.DGT_SERVICIO (SEQ_SERVICIO,SERVICIO_ANTECESOR,NAM_SERVICIO) values ('6','5','sugerencia mate');
Insert into DIGITURNO.DGT_SERVICIO (SEQ_SERVICIO,SERVICIO_ANTECESOR,NAM_SERVICIO) values ('3','1','Mate');
REM INSERTING into DIGITURNO.DGT_TIPO_USUARIO
SET DEFINE OFF;
Insert into DIGITURNO.DGT_TIPO_USUARIO (SEQ_TIPO_USUARIO,NAM_TIPO_USUARIO,PRIORIDAD) values ('1','Estudiante',null);
Insert into DIGITURNO.DGT_TIPO_USUARIO (SEQ_TIPO_USUARIO,NAM_TIPO_USUARIO,PRIORIDAD) values ('2','Externo',null);
Insert into DIGITURNO.DGT_TIPO_USUARIO (SEQ_TIPO_USUARIO,NAM_TIPO_USUARIO,PRIORIDAD) values ('3','Docente',null);
Insert into DIGITURNO.DGT_TIPO_USUARIO (SEQ_TIPO_USUARIO,NAM_TIPO_USUARIO,PRIORIDAD) values ('4','Egresado',null);
REM INSERTING into DIGITURNO.DGT_TIPO_USUARIO_SERVICIO
SET DEFINE OFF;
Insert into DIGITURNO.DGT_TIPO_USUARIO_SERVICIO (SEQ_TIPO_USUARIO_SERVICIO,SEQ_TIPO_USUARIO_F2,SEQ_SERVICIO_F1) values ('1','1','2');
Insert into DIGITURNO.DGT_TIPO_USUARIO_SERVICIO (SEQ_TIPO_USUARIO_SERVICIO,SEQ_TIPO_USUARIO_F2,SEQ_SERVICIO_F1) values ('2','1','3');
Insert into DIGITURNO.DGT_TIPO_USUARIO_SERVICIO (SEQ_TIPO_USUARIO_SERVICIO,SEQ_TIPO_USUARIO_F2,SEQ_SERVICIO_F1) values ('3','1','4');
Insert into DIGITURNO.DGT_TIPO_USUARIO_SERVICIO (SEQ_TIPO_USUARIO_SERVICIO,SEQ_TIPO_USUARIO_F2,SEQ_SERVICIO_F1) values ('4','2','6');
REM INSERTING into DIGITURNO.DGT_TURNO
SET DEFINE OFF;
REM INSERTING into DIGITURNO.MENSAJE
SET DEFINE OFF;
Insert into DIGITURNO.MENSAJE (ID,TITULO,MENSAJE) values ('1','fg','g');
--------------------------------------------------------
--  DDL for Index CLIENTE_CEDULA_PK
--------------------------------------------------------

  CREATE UNIQUE INDEX "DIGITURNO"."CLIENTE_CEDULA_PK" ON "DIGITURNO"."DGT_CLIENTE" ("CLIENTE_CEDULA_PK") 
  PCTFREE 10 INITRANS 2 MAXTRANS 255 COMPUTE STATISTICS 
  STORAGE(INITIAL 65536 NEXT 1048576 MINEXTENTS 1 MAXEXTENTS 2147483645
  PCTINCREASE 0 FREELISTS 1 FREELIST GROUPS 1 BUFFER_POOL DEFAULT FLASH_CACHE DEFAULT CELL_FLASH_CACHE DEFAULT)
  TABLESPACE "USERS" ;
--------------------------------------------------------
--  DDL for Index CLIENTE_ROL_PK
--------------------------------------------------------

  CREATE UNIQUE INDEX "DIGITURNO"."CLIENTE_ROL_PK" ON "DIGITURNO"."DGT_CLIENTE_ROL" ("SEQ_CLIENTE_ROL") 
  PCTFREE 10 INITRANS 2 MAXTRANS 255 COMPUTE STATISTICS 
  STORAGE(INITIAL 65536 NEXT 1048576 MINEXTENTS 1 MAXEXTENTS 2147483645
  PCTINCREASE 0 FREELISTS 1 FREELIST GROUPS 1 BUFFER_POOL DEFAULT FLASH_CACHE DEFAULT CELL_FLASH_CACHE DEFAULT)
  TABLESPACE "USERS" ;
--------------------------------------------------------
--  DDL for Index DGT_AUDITORIA_TURNO_PK
--------------------------------------------------------

  CREATE UNIQUE INDEX "DIGITURNO"."DGT_AUDITORIA_TURNO_PK" ON "DIGITURNO"."DGT_AUDITORIA_TURNO" ("HORA_AUDITORIA") 
  PCTFREE 10 INITRANS 2 MAXTRANS 255 COMPUTE STATISTICS 
  STORAGE(INITIAL 65536 NEXT 1048576 MINEXTENTS 1 MAXEXTENTS 2147483645
  PCTINCREASE 0 FREELISTS 1 FREELIST GROUPS 1 BUFFER_POOL DEFAULT FLASH_CACHE DEFAULT CELL_FLASH_CACHE DEFAULT)
  TABLESPACE "USERS" ;
--------------------------------------------------------
--  DDL for Index DGT_CLIENTE_ROL_UK1
--------------------------------------------------------

  CREATE UNIQUE INDEX "DIGITURNO"."DGT_CLIENTE_ROL_UK1" ON "DIGITURNO"."DGT_CLIENTE_ROL" ("CLIENTE_CEDULA_F1", "SEQ_ROL_F2") 
  PCTFREE 10 INITRANS 2 MAXTRANS 255 COMPUTE STATISTICS 
  STORAGE(INITIAL 65536 NEXT 1048576 MINEXTENTS 1 MAXEXTENTS 2147483645
  PCTINCREASE 0 FREELISTS 1 FREELIST GROUPS 1 BUFFER_POOL DEFAULT FLASH_CACHE DEFAULT CELL_FLASH_CACHE DEFAULT)
  TABLESPACE "USERS" ;
--------------------------------------------------------
--  DDL for Index DGT_CLIENTE_SERVICIO_UK1
--------------------------------------------------------

  CREATE UNIQUE INDEX "DIGITURNO"."DGT_CLIENTE_SERVICIO_UK1" ON "DIGITURNO"."DGT_CLIENTE_SERVICIO" ("SEQ_CLIENTE_F1", "SEQ_SERVICIO_F2") 
  PCTFREE 10 INITRANS 2 MAXTRANS 255 COMPUTE STATISTICS 
  STORAGE(INITIAL 65536 NEXT 1048576 MINEXTENTS 1 MAXEXTENTS 2147483645
  PCTINCREASE 0 FREELISTS 1 FREELIST GROUPS 1 BUFFER_POOL DEFAULT FLASH_CACHE DEFAULT CELL_FLASH_CACHE DEFAULT)
  TABLESPACE "USERS" ;
--------------------------------------------------------
--  DDL for Index DGT_TIPO_USUARIO_SERVICIO_UK1
--------------------------------------------------------

  CREATE UNIQUE INDEX "DIGITURNO"."DGT_TIPO_USUARIO_SERVICIO_UK1" ON "DIGITURNO"."DGT_TIPO_USUARIO_SERVICIO" ("SEQ_TIPO_USUARIO_F2", "SEQ_SERVICIO_F1") 
  PCTFREE 10 INITRANS 2 MAXTRANS 255 COMPUTE STATISTICS 
  STORAGE(INITIAL 65536 NEXT 1048576 MINEXTENTS 1 MAXEXTENTS 2147483645
  PCTINCREASE 0 FREELISTS 1 FREELIST GROUPS 1 BUFFER_POOL DEFAULT FLASH_CACHE DEFAULT CELL_FLASH_CACHE DEFAULT)
  TABLESPACE "USERS" ;
--------------------------------------------------------
--  DDL for Index SEQ_AGENTE_SERVICIO
--------------------------------------------------------

  CREATE UNIQUE INDEX "DIGITURNO"."SEQ_AGENTE_SERVICIO" ON "DIGITURNO"."DGT_CLIENTE_SERVICIO" ("SEQ_CLIENTE_SERVICIO") 
  PCTFREE 10 INITRANS 2 MAXTRANS 255 COMPUTE STATISTICS 
  STORAGE(INITIAL 65536 NEXT 1048576 MINEXTENTS 1 MAXEXTENTS 2147483645
  PCTINCREASE 0 FREELISTS 1 FREELIST GROUPS 1 BUFFER_POOL DEFAULT FLASH_CACHE DEFAULT CELL_FLASH_CACHE DEFAULT)
  TABLESPACE "USERS" ;
--------------------------------------------------------
--  DDL for Index SEQ_AREA
--------------------------------------------------------

  CREATE UNIQUE INDEX "DIGITURNO"."SEQ_AREA" ON "DIGITURNO"."DGT_AREA" ("SEQ_AREA") 
  PCTFREE 10 INITRANS 2 MAXTRANS 255 COMPUTE STATISTICS 
  STORAGE(INITIAL 65536 NEXT 1048576 MINEXTENTS 1 MAXEXTENTS 2147483645
  PCTINCREASE 0 FREELISTS 1 FREELIST GROUPS 1 BUFFER_POOL DEFAULT FLASH_CACHE DEFAULT CELL_FLASH_CACHE DEFAULT)
  TABLESPACE "USERS" ;
--------------------------------------------------------
--  DDL for Index SEQ_ESTADO
--------------------------------------------------------

  CREATE UNIQUE INDEX "DIGITURNO"."SEQ_ESTADO" ON "DIGITURNO"."DGT_ESTADO" ("SEQ_ESTADO") 
  PCTFREE 10 INITRANS 2 MAXTRANS 255 COMPUTE STATISTICS 
  STORAGE(INITIAL 65536 NEXT 1048576 MINEXTENTS 1 MAXEXTENTS 2147483645
  PCTINCREASE 0 FREELISTS 1 FREELIST GROUPS 1 BUFFER_POOL DEFAULT FLASH_CACHE DEFAULT CELL_FLASH_CACHE DEFAULT)
  TABLESPACE "USERS" ;
--------------------------------------------------------
--  DDL for Index SEQ_ROL
--------------------------------------------------------

  CREATE UNIQUE INDEX "DIGITURNO"."SEQ_ROL" ON "DIGITURNO"."DGT_ROL" ("SEQ_ROL") 
  PCTFREE 10 INITRANS 2 MAXTRANS 255 COMPUTE STATISTICS 
  STORAGE(INITIAL 65536 NEXT 1048576 MINEXTENTS 1 MAXEXTENTS 2147483645
  PCTINCREASE 0 FREELISTS 1 FREELIST GROUPS 1 BUFFER_POOL DEFAULT FLASH_CACHE DEFAULT CELL_FLASH_CACHE DEFAULT)
  TABLESPACE "USERS" ;
--------------------------------------------------------
--  DDL for Index SEQ_SERVICIO
--------------------------------------------------------

  CREATE UNIQUE INDEX "DIGITURNO"."SEQ_SERVICIO" ON "DIGITURNO"."DGT_SERVICIO" ("SEQ_SERVICIO") 
  PCTFREE 10 INITRANS 2 MAXTRANS 255 COMPUTE STATISTICS 
  STORAGE(INITIAL 65536 NEXT 1048576 MINEXTENTS 1 MAXEXTENTS 2147483645
  PCTINCREASE 0 FREELISTS 1 FREELIST GROUPS 1 BUFFER_POOL DEFAULT FLASH_CACHE DEFAULT CELL_FLASH_CACHE DEFAULT)
  TABLESPACE "USERS" ;
--------------------------------------------------------
--  DDL for Index SEQ_TURNO
--------------------------------------------------------

  CREATE UNIQUE INDEX "DIGITURNO"."SEQ_TURNO" ON "DIGITURNO"."DGT_TURNO" ("SEQ_TURNO") 
  PCTFREE 10 INITRANS 2 MAXTRANS 255 COMPUTE STATISTICS 
  STORAGE(INITIAL 65536 NEXT 1048576 MINEXTENTS 1 MAXEXTENTS 2147483645
  PCTINCREASE 0 FREELISTS 1 FREELIST GROUPS 1 BUFFER_POOL DEFAULT FLASH_CACHE DEFAULT CELL_FLASH_CACHE DEFAULT)
  TABLESPACE "USERS" ;
--------------------------------------------------------
--  DDL for Index TIPO_USUARIO_PK
--------------------------------------------------------

  CREATE UNIQUE INDEX "DIGITURNO"."TIPO_USUARIO_PK" ON "DIGITURNO"."DGT_TIPO_USUARIO" ("SEQ_TIPO_USUARIO") 
  PCTFREE 10 INITRANS 2 MAXTRANS 255 COMPUTE STATISTICS 
  STORAGE(INITIAL 65536 NEXT 1048576 MINEXTENTS 1 MAXEXTENTS 2147483645
  PCTINCREASE 0 FREELISTS 1 FREELIST GROUPS 1 BUFFER_POOL DEFAULT FLASH_CACHE DEFAULT CELL_FLASH_CACHE DEFAULT)
  TABLESPACE "USERS" ;
--------------------------------------------------------
--  DDL for Index TIPO_USUARIO_SERVICIO_PK
--------------------------------------------------------

  CREATE UNIQUE INDEX "DIGITURNO"."TIPO_USUARIO_SERVICIO_PK" ON "DIGITURNO"."DGT_TIPO_USUARIO_SERVICIO" ("SEQ_TIPO_USUARIO_SERVICIO") 
  PCTFREE 10 INITRANS 2 MAXTRANS 255 COMPUTE STATISTICS 
  STORAGE(INITIAL 65536 NEXT 1048576 MINEXTENTS 1 MAXEXTENTS 2147483645
  PCTINCREASE 0 FREELISTS 1 FREELIST GROUPS 1 BUFFER_POOL DEFAULT FLASH_CACHE DEFAULT CELL_FLASH_CACHE DEFAULT)
  TABLESPACE "USERS" ;
--------------------------------------------------------
--  DDL for Trigger TRIGGER_DGT_AREA
--------------------------------------------------------

  CREATE OR REPLACE TRIGGER "DIGITURNO"."TRIGGER_DGT_AREA" 

BEFORE INSERT ON DGT_AREA 

FOR EACH ROW 

BEGIN 

IF :NEW.SEQ_AREA IS NULL THEN :NEW.SEQ_AREA :=DTS_AREA.nextval; 

END IF; 

END TRIGGER_DGT_AREA;
/
ALTER TRIGGER "DIGITURNO"."TRIGGER_DGT_AREA" ENABLE;
--------------------------------------------------------
--  DDL for Trigger TRIGGER_DGT_CLIENTE_ROL
--------------------------------------------------------

  CREATE OR REPLACE TRIGGER "DIGITURNO"."TRIGGER_DGT_CLIENTE_ROL" 

BEFORE INSERT ON DGT_CLIENTE_ROL 

FOR EACH ROW 

BEGIN 

IF :NEW.SEQ_CLIENTE_ROL IS NULL THEN :NEW.SEQ_CLIENTE_ROL :=DTS_CLIENTE_ROL.nextval; 

END IF; 

END TRIGGER_DGT_CLIENTE_ROL;
/
ALTER TRIGGER "DIGITURNO"."TRIGGER_DGT_CLIENTE_ROL" ENABLE;
--------------------------------------------------------
--  DDL for Trigger TRIGGER_DGT_CLIENTE_SERVICIO
--------------------------------------------------------

  CREATE OR REPLACE TRIGGER "DIGITURNO"."TRIGGER_DGT_CLIENTE_SERVICIO" 

BEFORE INSERT ON DGT_CLIENTE_SERVICIO 

FOR EACH ROW 

BEGIN 

IF :NEW.SEQ_CLIENTE_SERVICIO IS NULL THEN :NEW.SEQ_CLIENTE_SERVICIO :=DTS_CLIENTE_SERVICIO.nextval; 

END IF; 

END TRIGGER_DGT_CLIENTE_SERVICIO;
/
ALTER TRIGGER "DIGITURNO"."TRIGGER_DGT_CLIENTE_SERVICIO" ENABLE;
--------------------------------------------------------
--  DDL for Trigger TRIGGER_DGT_ESTADO
--------------------------------------------------------

  CREATE OR REPLACE TRIGGER "DIGITURNO"."TRIGGER_DGT_ESTADO" 

BEFORE INSERT ON DGT_ESTADO 

FOR EACH ROW 

BEGIN 

IF :NEW.SEQ_ESTADO IS NULL THEN :NEW.SEQ_ESTADO :=DTS_ESTADO.nextval; 

END IF; 

END TRIGGER_DGT_ESTADO;
/
ALTER TRIGGER "DIGITURNO"."TRIGGER_DGT_ESTADO" ENABLE;
--------------------------------------------------------
--  DDL for Trigger TRIGGER_DGT_ROL
--------------------------------------------------------

  CREATE OR REPLACE TRIGGER "DIGITURNO"."TRIGGER_DGT_ROL" 

BEFORE INSERT ON DGT_ROL 

FOR EACH ROW 

BEGIN 

IF :NEW.SEQ_ROL IS NULL THEN :NEW.SEQ_ROL :=DTS_ROL.nextval; 

END IF; 

END TRIGGER_DGT_ROL;
/
ALTER TRIGGER "DIGITURNO"."TRIGGER_DGT_ROL" ENABLE;
--------------------------------------------------------
--  DDL for Trigger TRIGGER_DGT_SERVICIO
--------------------------------------------------------

  CREATE OR REPLACE TRIGGER "DIGITURNO"."TRIGGER_DGT_SERVICIO" 

BEFORE INSERT ON DGT_SERVICIO 

FOR EACH ROW 

BEGIN 

IF :NEW.SEQ_SERVICIO IS NULL THEN :NEW.SEQ_SERVICIO :=DTS_SERVICIO.nextval; 

END IF; 

END TRIGGER_DGT_SERVICIO;
/
ALTER TRIGGER "DIGITURNO"."TRIGGER_DGT_SERVICIO" ENABLE;
--------------------------------------------------------
--  DDL for Trigger TRIGGER_DGT_TIPO_USUARIO
--------------------------------------------------------

  CREATE OR REPLACE TRIGGER "DIGITURNO"."TRIGGER_DGT_TIPO_USUARIO" 

BEFORE INSERT ON DGT_TIPO_USUARIO 

FOR EACH ROW 

BEGIN 

IF :NEW.SEQ_TIPO_USUARIO IS NULL THEN :NEW.SEQ_TIPO_USUARIO :=DTS_TIPO_USUARIO.nextval; 

END IF; 

END TRIGGER_DGT_TIPO_USUARIO;
/
ALTER TRIGGER "DIGITURNO"."TRIGGER_DGT_TIPO_USUARIO" ENABLE;
--------------------------------------------------------
--  DDL for Trigger TRIGGER_DGT_TIP_USR_SERV
--------------------------------------------------------

  CREATE OR REPLACE TRIGGER "DIGITURNO"."TRIGGER_DGT_TIP_USR_SERV" 

BEFORE INSERT ON DGT_TIPO_USUARIO_SERVICIO 

FOR EACH ROW 

BEGIN 

IF :NEW.SEQ_TIPO_USUARIO_SERVICIO IS NULL THEN :NEW.SEQ_TIPO_USUARIO_SERVICIO :=DTS_TIPO_USUARIO_SERVICIO.nextval; 

END IF; 

END TRIGGER_DGT_TIP_USR_SERV;
/
ALTER TRIGGER "DIGITURNO"."TRIGGER_DGT_TIP_USR_SERV" ENABLE;
--------------------------------------------------------
--  DDL for Trigger TRIGGER_DGT_TURNO
--------------------------------------------------------

  CREATE OR REPLACE TRIGGER "DIGITURNO"."TRIGGER_DGT_TURNO" 

BEFORE INSERT ON DGT_TURNO 

FOR EACH ROW 

BEGIN 

IF :NEW.SEQ_TURNO IS NULL THEN :NEW.SEQ_TURNO :=DTS_TURNO.nextval; 

END IF; 

END TRIGGER_DGT_TURNO;
/
ALTER TRIGGER "DIGITURNO"."TRIGGER_DGT_TURNO" ENABLE;
--------------------------------------------------------
--  DDL for Function CUSTOM_AUTH
--------------------------------------------------------

  CREATE OR REPLACE FUNCTION "DIGITURNO"."CUSTOM_AUTH" (p_username in VARCHAR2, p_password in VARCHAR2)
return BOOLEAN
is
  l_password varchar2(4000);
  l_stored_password varchar2(4000);
  l_expires_on date;
  l_count number;
begin
-- First, check to see if the user is in the user table
select count(*) into l_count from demo_users where user_name = p_username;
if l_count > 0 then
  -- First, we fetch the stored hashed password & expire date
  select password, expires_on into l_stored_password, l_expires_on
   from demo_users where user_name = p_username;

  -- Next, we check to see if the user's account is expired
  -- If it is, return FALSE
  if l_expires_on > sysdate or l_expires_on is null then

    -- If the account is not expired, we have to apply the custom hash
    -- function to the password
    l_password := custom_hash(p_username, p_password);

    -- Finally, we compare them to see if they are the same and return
    -- either TRUE or FALSE
    if l_password = l_stored_password then
      return true;
    else
      return false;
    end if;
  else
    return false;
  end if;
else
  -- The username provided is not in the DEMO_USERS table
  return false;
end if;
end;

/
--------------------------------------------------------
--  DDL for Function CUSTOM_HASH
--------------------------------------------------------

  CREATE OR REPLACE FUNCTION "DIGITURNO"."CUSTOM_HASH" (p_username in varchar2, p_password in varchar2)
return varchar2
is
  l_password varchar2(4000);
  l_salt varchar2(4000) := 'AAGPAWX7SV48KWKBNGZE8OKHKTOW1P';
begin

-- This function should be wrapped, as the hash algorhythm is exposed here.
-- You can change the value of l_salt or the method of which to call the
-- DBMS_OBFUSCATOIN toolkit, but you much reset all of your passwords
-- if you choose to do this.

l_password := utl_raw.cast_to_raw(dbms_obfuscation_toolkit.md5
  (input_string => p_password || substr(l_salt,10,13) || p_username ||
    substr(l_salt, 4,10)));
return l_password;
end;

/
--------------------------------------------------------
--  Constraints for Table DGT_AREA
--------------------------------------------------------

  ALTER TABLE "DIGITURNO"."DGT_AREA" ADD CONSTRAINT "SEQ_AREA" PRIMARY KEY ("SEQ_AREA")
  USING INDEX PCTFREE 10 INITRANS 2 MAXTRANS 255 COMPUTE STATISTICS 
  STORAGE(INITIAL 65536 NEXT 1048576 MINEXTENTS 1 MAXEXTENTS 2147483645
  PCTINCREASE 0 FREELISTS 1 FREELIST GROUPS 1 BUFFER_POOL DEFAULT FLASH_CACHE DEFAULT CELL_FLASH_CACHE DEFAULT)
  TABLESPACE "USERS"  ENABLE;
  ALTER TABLE "DIGITURNO"."DGT_AREA" MODIFY ("NAM_AREA" NOT NULL ENABLE);
  ALTER TABLE "DIGITURNO"."DGT_AREA" MODIFY ("SEQ_AREA" NOT NULL ENABLE);
--------------------------------------------------------
--  Constraints for Table DGT_AUDITORIA_TURNO
--------------------------------------------------------

  ALTER TABLE "DIGITURNO"."DGT_AUDITORIA_TURNO" ADD CONSTRAINT "DGT_AUDITORIA_TURNO_PK" PRIMARY KEY ("HORA_AUDITORIA")
  USING INDEX PCTFREE 10 INITRANS 2 MAXTRANS 255 COMPUTE STATISTICS 
  STORAGE(INITIAL 65536 NEXT 1048576 MINEXTENTS 1 MAXEXTENTS 2147483645
  PCTINCREASE 0 FREELISTS 1 FREELIST GROUPS 1 BUFFER_POOL DEFAULT FLASH_CACHE DEFAULT CELL_FLASH_CACHE DEFAULT)
  TABLESPACE "USERS"  ENABLE;
  ALTER TABLE "DIGITURNO"."DGT_AUDITORIA_TURNO" MODIFY ("DESCRIPCION" NOT NULL ENABLE);
  ALTER TABLE "DIGITURNO"."DGT_AUDITORIA_TURNO" MODIFY ("HORA_AUDITORIA" NOT NULL ENABLE);
  ALTER TABLE "DIGITURNO"."DGT_AUDITORIA_TURNO" MODIFY ("NUMERO_TURNO" NOT NULL ENABLE);
--------------------------------------------------------
--  Constraints for Table DGT_CLIENTE
--------------------------------------------------------

  ALTER TABLE "DIGITURNO"."DGT_CLIENTE" ADD CONSTRAINT "CLIENTE_CEDULA_PK" PRIMARY KEY ("CLIENTE_CEDULA_PK")
  USING INDEX PCTFREE 10 INITRANS 2 MAXTRANS 255 COMPUTE STATISTICS 
  STORAGE(INITIAL 65536 NEXT 1048576 MINEXTENTS 1 MAXEXTENTS 2147483645
  PCTINCREASE 0 FREELISTS 1 FREELIST GROUPS 1 BUFFER_POOL DEFAULT FLASH_CACHE DEFAULT CELL_FLASH_CACHE DEFAULT)
  TABLESPACE "USERS"  ENABLE;
  ALTER TABLE "DIGITURNO"."DGT_CLIENTE" MODIFY ("CLAVE_CLIENTE" NOT NULL ENABLE);
  ALTER TABLE "DIGITURNO"."DGT_CLIENTE" MODIFY ("CORREO_CLIENTE" NOT NULL ENABLE);
  ALTER TABLE "DIGITURNO"."DGT_CLIENTE" MODIFY ("APELLIDO_CLIENTE" NOT NULL ENABLE);
  ALTER TABLE "DIGITURNO"."DGT_CLIENTE" MODIFY ("NAM_CLIENTE" NOT NULL ENABLE);
  ALTER TABLE "DIGITURNO"."DGT_CLIENTE" MODIFY ("CLIENTE_CEDULA_PK" NOT NULL ENABLE);
--------------------------------------------------------
--  Constraints for Table DGT_CLIENTE_ROL
--------------------------------------------------------

  ALTER TABLE "DIGITURNO"."DGT_CLIENTE_ROL" ADD CONSTRAINT "DGT_CLIENTE_ROL_UK1" UNIQUE ("CLIENTE_CEDULA_F1", "SEQ_ROL_F2")
  USING INDEX PCTFREE 10 INITRANS 2 MAXTRANS 255 COMPUTE STATISTICS 
  STORAGE(INITIAL 65536 NEXT 1048576 MINEXTENTS 1 MAXEXTENTS 2147483645
  PCTINCREASE 0 FREELISTS 1 FREELIST GROUPS 1 BUFFER_POOL DEFAULT FLASH_CACHE DEFAULT CELL_FLASH_CACHE DEFAULT)
  TABLESPACE "USERS"  ENABLE;
  ALTER TABLE "DIGITURNO"."DGT_CLIENTE_ROL" ADD CONSTRAINT "CLIENTE_ROL_PK" PRIMARY KEY ("SEQ_CLIENTE_ROL")
  USING INDEX PCTFREE 10 INITRANS 2 MAXTRANS 255 COMPUTE STATISTICS 
  STORAGE(INITIAL 65536 NEXT 1048576 MINEXTENTS 1 MAXEXTENTS 2147483645
  PCTINCREASE 0 FREELISTS 1 FREELIST GROUPS 1 BUFFER_POOL DEFAULT FLASH_CACHE DEFAULT CELL_FLASH_CACHE DEFAULT)
  TABLESPACE "USERS"  ENABLE;
  ALTER TABLE "DIGITURNO"."DGT_CLIENTE_ROL" MODIFY ("SEQ_ROL_F2" NOT NULL ENABLE);
  ALTER TABLE "DIGITURNO"."DGT_CLIENTE_ROL" MODIFY ("CLIENTE_CEDULA_F1" NOT NULL ENABLE);
  ALTER TABLE "DIGITURNO"."DGT_CLIENTE_ROL" MODIFY ("SEQ_CLIENTE_ROL" NOT NULL ENABLE);
--------------------------------------------------------
--  Constraints for Table DGT_CLIENTE_SERVICIO
--------------------------------------------------------

  ALTER TABLE "DIGITURNO"."DGT_CLIENTE_SERVICIO" ADD CONSTRAINT "DGT_CLIENTE_SERVICIO_UK1" UNIQUE ("SEQ_CLIENTE_F1", "SEQ_SERVICIO_F2")
  USING INDEX PCTFREE 10 INITRANS 2 MAXTRANS 255 COMPUTE STATISTICS 
  STORAGE(INITIAL 65536 NEXT 1048576 MINEXTENTS 1 MAXEXTENTS 2147483645
  PCTINCREASE 0 FREELISTS 1 FREELIST GROUPS 1 BUFFER_POOL DEFAULT FLASH_CACHE DEFAULT CELL_FLASH_CACHE DEFAULT)
  TABLESPACE "USERS"  ENABLE;
  ALTER TABLE "DIGITURNO"."DGT_CLIENTE_SERVICIO" ADD CONSTRAINT "SEQ_AGENTE_SERVICIO" PRIMARY KEY ("SEQ_CLIENTE_SERVICIO")
  USING INDEX PCTFREE 10 INITRANS 2 MAXTRANS 255 COMPUTE STATISTICS 
  STORAGE(INITIAL 65536 NEXT 1048576 MINEXTENTS 1 MAXEXTENTS 2147483645
  PCTINCREASE 0 FREELISTS 1 FREELIST GROUPS 1 BUFFER_POOL DEFAULT FLASH_CACHE DEFAULT CELL_FLASH_CACHE DEFAULT)
  TABLESPACE "USERS"  ENABLE;
  ALTER TABLE "DIGITURNO"."DGT_CLIENTE_SERVICIO" MODIFY ("SEQ_SERVICIO_F2" NOT NULL ENABLE);
  ALTER TABLE "DIGITURNO"."DGT_CLIENTE_SERVICIO" MODIFY ("SEQ_CLIENTE_F1" NOT NULL ENABLE);
  ALTER TABLE "DIGITURNO"."DGT_CLIENTE_SERVICIO" MODIFY ("SEQ_CLIENTE_SERVICIO" NOT NULL ENABLE);
--------------------------------------------------------
--  Constraints for Table DGT_ESTADO
--------------------------------------------------------

  ALTER TABLE "DIGITURNO"."DGT_ESTADO" ADD CONSTRAINT "SEQ_ESTADO" PRIMARY KEY ("SEQ_ESTADO")
  USING INDEX PCTFREE 10 INITRANS 2 MAXTRANS 255 COMPUTE STATISTICS 
  STORAGE(INITIAL 65536 NEXT 1048576 MINEXTENTS 1 MAXEXTENTS 2147483645
  PCTINCREASE 0 FREELISTS 1 FREELIST GROUPS 1 BUFFER_POOL DEFAULT FLASH_CACHE DEFAULT CELL_FLASH_CACHE DEFAULT)
  TABLESPACE "USERS"  ENABLE;
  ALTER TABLE "DIGITURNO"."DGT_ESTADO" MODIFY ("NAM_ESTADO" NOT NULL ENABLE);
  ALTER TABLE "DIGITURNO"."DGT_ESTADO" MODIFY ("SEQ_ESTADO" NOT NULL ENABLE);
--------------------------------------------------------
--  Constraints for Table DGT_ROL
--------------------------------------------------------

  ALTER TABLE "DIGITURNO"."DGT_ROL" ADD CONSTRAINT "SEQ_ROL" PRIMARY KEY ("SEQ_ROL")
  USING INDEX PCTFREE 10 INITRANS 2 MAXTRANS 255 COMPUTE STATISTICS 
  STORAGE(INITIAL 65536 NEXT 1048576 MINEXTENTS 1 MAXEXTENTS 2147483645
  PCTINCREASE 0 FREELISTS 1 FREELIST GROUPS 1 BUFFER_POOL DEFAULT FLASH_CACHE DEFAULT CELL_FLASH_CACHE DEFAULT)
  TABLESPACE "USERS"  ENABLE;
  ALTER TABLE "DIGITURNO"."DGT_ROL" MODIFY ("NAM_ROL" NOT NULL ENABLE);
  ALTER TABLE "DIGITURNO"."DGT_ROL" MODIFY ("SEQ_ROL" NOT NULL ENABLE);
--------------------------------------------------------
--  Constraints for Table DGT_SERVICIO
--------------------------------------------------------

  ALTER TABLE "DIGITURNO"."DGT_SERVICIO" ADD CONSTRAINT "SEQ_SERVICIO" PRIMARY KEY ("SEQ_SERVICIO")
  USING INDEX PCTFREE 10 INITRANS 2 MAXTRANS 255 COMPUTE STATISTICS 
  STORAGE(INITIAL 65536 NEXT 1048576 MINEXTENTS 1 MAXEXTENTS 2147483645
  PCTINCREASE 0 FREELISTS 1 FREELIST GROUPS 1 BUFFER_POOL DEFAULT FLASH_CACHE DEFAULT CELL_FLASH_CACHE DEFAULT)
  TABLESPACE "USERS"  ENABLE;
  ALTER TABLE "DIGITURNO"."DGT_SERVICIO" MODIFY ("NAM_SERVICIO" NOT NULL ENABLE);
  ALTER TABLE "DIGITURNO"."DGT_SERVICIO" MODIFY ("SEQ_SERVICIO" NOT NULL ENABLE);
--------------------------------------------------------
--  Constraints for Table DGT_TIPO_USUARIO
--------------------------------------------------------

  ALTER TABLE "DIGITURNO"."DGT_TIPO_USUARIO" ADD CONSTRAINT "TIPO_USUARIO_PK" PRIMARY KEY ("SEQ_TIPO_USUARIO")
  USING INDEX PCTFREE 10 INITRANS 2 MAXTRANS 255 COMPUTE STATISTICS 
  STORAGE(INITIAL 65536 NEXT 1048576 MINEXTENTS 1 MAXEXTENTS 2147483645
  PCTINCREASE 0 FREELISTS 1 FREELIST GROUPS 1 BUFFER_POOL DEFAULT FLASH_CACHE DEFAULT CELL_FLASH_CACHE DEFAULT)
  TABLESPACE "USERS"  ENABLE;
  ALTER TABLE "DIGITURNO"."DGT_TIPO_USUARIO" MODIFY ("NAM_TIPO_USUARIO" NOT NULL ENABLE);
  ALTER TABLE "DIGITURNO"."DGT_TIPO_USUARIO" MODIFY ("SEQ_TIPO_USUARIO" NOT NULL ENABLE);
--------------------------------------------------------
--  Constraints for Table DGT_TIPO_USUARIO_SERVICIO
--------------------------------------------------------

  ALTER TABLE "DIGITURNO"."DGT_TIPO_USUARIO_SERVICIO" ADD CONSTRAINT "DGT_TIPO_USUARIO_SERVICIO_UK1" UNIQUE ("SEQ_TIPO_USUARIO_F2", "SEQ_SERVICIO_F1")
  USING INDEX PCTFREE 10 INITRANS 2 MAXTRANS 255 COMPUTE STATISTICS 
  STORAGE(INITIAL 65536 NEXT 1048576 MINEXTENTS 1 MAXEXTENTS 2147483645
  PCTINCREASE 0 FREELISTS 1 FREELIST GROUPS 1 BUFFER_POOL DEFAULT FLASH_CACHE DEFAULT CELL_FLASH_CACHE DEFAULT)
  TABLESPACE "USERS"  ENABLE;
  ALTER TABLE "DIGITURNO"."DGT_TIPO_USUARIO_SERVICIO" ADD CONSTRAINT "TIPO_USUARIO_SERVICIO_PK" PRIMARY KEY ("SEQ_TIPO_USUARIO_SERVICIO")
  USING INDEX PCTFREE 10 INITRANS 2 MAXTRANS 255 COMPUTE STATISTICS 
  STORAGE(INITIAL 65536 NEXT 1048576 MINEXTENTS 1 MAXEXTENTS 2147483645
  PCTINCREASE 0 FREELISTS 1 FREELIST GROUPS 1 BUFFER_POOL DEFAULT FLASH_CACHE DEFAULT CELL_FLASH_CACHE DEFAULT)
  TABLESPACE "USERS"  ENABLE;
  ALTER TABLE "DIGITURNO"."DGT_TIPO_USUARIO_SERVICIO" MODIFY ("SEQ_SERVICIO_F1" NOT NULL ENABLE);
  ALTER TABLE "DIGITURNO"."DGT_TIPO_USUARIO_SERVICIO" MODIFY ("SEQ_TIPO_USUARIO_F2" NOT NULL ENABLE);
  ALTER TABLE "DIGITURNO"."DGT_TIPO_USUARIO_SERVICIO" MODIFY ("SEQ_TIPO_USUARIO_SERVICIO" NOT NULL ENABLE);
--------------------------------------------------------
--  Constraints for Table DGT_TURNO
--------------------------------------------------------

  ALTER TABLE "DIGITURNO"."DGT_TURNO" MODIFY ("SERVICIO_SELECCIONADO" NOT NULL ENABLE);
  ALTER TABLE "DIGITURNO"."DGT_TURNO" MODIFY ("SEQ_TIPO_USUARIO_SERVICIO_F2" NOT NULL ENABLE);
  ALTER TABLE "DIGITURNO"."DGT_TURNO" ADD CONSTRAINT "SEQ_TURNO" PRIMARY KEY ("SEQ_TURNO")
  USING INDEX PCTFREE 10 INITRANS 2 MAXTRANS 255 COMPUTE STATISTICS 
  STORAGE(INITIAL 65536 NEXT 1048576 MINEXTENTS 1 MAXEXTENTS 2147483645
  PCTINCREASE 0 FREELISTS 1 FREELIST GROUPS 1 BUFFER_POOL DEFAULT FLASH_CACHE DEFAULT CELL_FLASH_CACHE DEFAULT)
  TABLESPACE "USERS"  ENABLE;
  ALTER TABLE "DIGITURNO"."DGT_TURNO" MODIFY ("SEQ_AGENTE_SERVICIO_F1" NOT NULL ENABLE);
  ALTER TABLE "DIGITURNO"."DGT_TURNO" MODIFY ("IDENTIFICACION_USUARIO" NOT NULL ENABLE);
  ALTER TABLE "DIGITURNO"."DGT_TURNO" MODIFY ("HORA_SOLICITUD" NOT NULL ENABLE);
  ALTER TABLE "DIGITURNO"."DGT_TURNO" MODIFY ("NUMERO_TURNO" NOT NULL ENABLE);
  ALTER TABLE "DIGITURNO"."DGT_TURNO" MODIFY ("SEQ_TURNO" NOT NULL ENABLE);
--------------------------------------------------------
--  Constraints for Table MENSAJE
--------------------------------------------------------

  ALTER TABLE "DIGITURNO"."MENSAJE" MODIFY ("MENSAJE" NOT NULL ENABLE);
  ALTER TABLE "DIGITURNO"."MENSAJE" MODIFY ("TITULO" NOT NULL ENABLE);
  ALTER TABLE "DIGITURNO"."MENSAJE" MODIFY ("ID" NOT NULL ENABLE);
--------------------------------------------------------
--  Ref Constraints for Table DGT_CLIENTE_ROL
--------------------------------------------------------

  ALTER TABLE "DIGITURNO"."DGT_CLIENTE_ROL" ADD CONSTRAINT "CLIENTE_ROL_CLIENTE_FK" FOREIGN KEY ("CLIENTE_CEDULA_F1")
	  REFERENCES "DIGITURNO"."DGT_CLIENTE" ("CLIENTE_CEDULA_PK") ENABLE;
  ALTER TABLE "DIGITURNO"."DGT_CLIENTE_ROL" ADD CONSTRAINT "CLIENTE_ROL_ROL_FK" FOREIGN KEY ("SEQ_ROL_F2")
	  REFERENCES "DIGITURNO"."DGT_ROL" ("SEQ_ROL") ENABLE;
  ALTER TABLE "DIGITURNO"."DGT_CLIENTE_ROL" ADD CONSTRAINT "DGT_CLIENTE_ROL_AREA_FK" FOREIGN KEY ("SEQ_AREA_F3")
	  REFERENCES "DIGITURNO"."DGT_AREA" ("SEQ_AREA") ENABLE;
  ALTER TABLE "DIGITURNO"."DGT_CLIENTE_ROL" ADD CONSTRAINT "DGT_CLIENTE_ROL_ESTADO_FK" FOREIGN KEY ("SEQ_ESTADO_F4")
	  REFERENCES "DIGITURNO"."DGT_ESTADO" ("SEQ_ESTADO") ENABLE;
--------------------------------------------------------
--  Ref Constraints for Table DGT_CLIENTE_SERVICIO
--------------------------------------------------------

  ALTER TABLE "DIGITURNO"."DGT_CLIENTE_SERVICIO" ADD CONSTRAINT "AGENTE_SERVICIO_SERVICIO_FK" FOREIGN KEY ("SEQ_SERVICIO_F2")
	  REFERENCES "DIGITURNO"."DGT_SERVICIO" ("SEQ_SERVICIO") ENABLE;
  ALTER TABLE "DIGITURNO"."DGT_CLIENTE_SERVICIO" ADD CONSTRAINT "DGT_CLIENTE_SERVICIO_FK1" FOREIGN KEY ("SEQ_CLIENTE_F1")
	  REFERENCES "DIGITURNO"."DGT_CLIENTE_ROL" ("SEQ_CLIENTE_ROL") ENABLE;
--------------------------------------------------------
--  Ref Constraints for Table DGT_TIPO_USUARIO_SERVICIO
--------------------------------------------------------

  ALTER TABLE "DIGITURNO"."DGT_TIPO_USUARIO_SERVICIO" ADD CONSTRAINT "TIPO_USUARIO_SERVICIO_FK" FOREIGN KEY ("SEQ_TIPO_USUARIO_F2")
	  REFERENCES "DIGITURNO"."DGT_TIPO_USUARIO" ("SEQ_TIPO_USUARIO") ENABLE;
  ALTER TABLE "DIGITURNO"."DGT_TIPO_USUARIO_SERVICIO" ADD CONSTRAINT "TIPO_USUARIO_SERVICIO_FK_1" FOREIGN KEY ("SEQ_SERVICIO_F1")
	  REFERENCES "DIGITURNO"."DGT_SERVICIO" ("SEQ_SERVICIO") ENABLE;
--------------------------------------------------------
--  Ref Constraints for Table DGT_TURNO
--------------------------------------------------------

  ALTER TABLE "DIGITURNO"."DGT_TURNO" ADD CONSTRAINT "TURNO_AGENTE_SERVICIO_FK" FOREIGN KEY ("SEQ_AGENTE_SERVICIO_F1")
	  REFERENCES "DIGITURNO"."DGT_CLIENTE_SERVICIO" ("SEQ_CLIENTE_SERVICIO") ENABLE;
  ALTER TABLE "DIGITURNO"."DGT_TURNO" ADD CONSTRAINT "TURNO_FK" FOREIGN KEY ("SEQ_TIPO_USUARIO_SERVICIO_F2")
	  REFERENCES "DIGITURNO"."DGT_TIPO_USUARIO_SERVICIO" ("SEQ_TIPO_USUARIO_SERVICIO") ENABLE;
