--------------------------------------------------------
-- Archivo creado  - miércoles-septiembre-19-2018   
--------------------------------------------------------
--------------------------------------------------------
--  DDL for Sequence DTS_AREA
--------------------------------------------------------

   CREATE SEQUENCE  "DTS_AREA"  MINVALUE 1 MAXVALUE 999999999999999999999999999 INCREMENT BY 1 START WITH 23 NOCACHE  NOORDER  NOCYCLE ;
--------------------------------------------------------
--  DDL for Sequence DTS_CLIENTE_ROL
--------------------------------------------------------

   CREATE SEQUENCE  "DTS_CLIENTE_ROL"  MINVALUE 1 MAXVALUE 9999999999999999999999999999 INCREMENT BY 1 START WITH 1 NOCACHE  NOORDER  NOCYCLE ;
--------------------------------------------------------
--  DDL for Sequence DTS_CLIENTE_SERVICIO
--------------------------------------------------------

   CREATE SEQUENCE  "DTS_CLIENTE_SERVICIO"  MINVALUE 1 MAXVALUE 999999999999999999999999999 INCREMENT BY 1 START WITH 1 NOCACHE  NOORDER  NOCYCLE ;
--------------------------------------------------------
--  DDL for Sequence DTS_ESTADO
--------------------------------------------------------

   CREATE SEQUENCE  "DTS_ESTADO"  MINVALUE 1 MAXVALUE 999999999999999999999999999 INCREMENT BY 1 START WITH 1 NOCACHE  NOORDER  NOCYCLE ;
--------------------------------------------------------
--  DDL for Sequence DTS_MODULO
--------------------------------------------------------

   CREATE SEQUENCE  "DTS_MODULO"  MINVALUE 1 MAXVALUE 9999999999999999999999999999 INCREMENT BY 1 START WITH 1 NOCACHE  NOORDER  NOCYCLE ;
--------------------------------------------------------
--  DDL for Sequence DTS_ROL
--------------------------------------------------------

   CREATE SEQUENCE  "DTS_ROL"  MINVALUE 1 MAXVALUE 9999999999999999999999999999 INCREMENT BY 1 START WITH 1 NOCACHE  NOORDER  NOCYCLE ;
--------------------------------------------------------
--  DDL for Sequence DTS_SERVICIO
--------------------------------------------------------

   CREATE SEQUENCE  "DTS_SERVICIO"  MINVALUE 1 MAXVALUE 999999999999999999999999999 INCREMENT BY 1 START WITH 4 NOCACHE  NOORDER  NOCYCLE ;
--------------------------------------------------------
--  DDL for Sequence DTS_TIPO_USUARIO
--------------------------------------------------------

   CREATE SEQUENCE  "DTS_TIPO_USUARIO"  MINVALUE 1 MAXVALUE 999999999999999999999999999 INCREMENT BY 1 START WITH 1 NOCACHE  NOORDER  NOCYCLE ;
--------------------------------------------------------
--  DDL for Sequence DTS_TIPO_USUARIO_SERVICIO
--------------------------------------------------------

   CREATE SEQUENCE  "DTS_TIPO_USUARIO_SERVICIO"  MINVALUE 1 MAXVALUE 999999999999999999999999999 INCREMENT BY 1 START WITH 5 NOCACHE  NOORDER  NOCYCLE ;
--------------------------------------------------------
--  DDL for Sequence DTS_TURNO
--------------------------------------------------------

   CREATE SEQUENCE  "DTS_TURNO"  MINVALUE 1 MAXVALUE 999999999999999999999999999 INCREMENT BY 1 START WITH 1 NOCACHE  NOORDER  NOCYCLE ;
--------------------------------------------------------
--  DDL for Sequence HIBERNATE_SEQUENCE
--------------------------------------------------------

   CREATE SEQUENCE  "HIBERNATE_SEQUENCE"  MINVALUE 1 MAXVALUE 9999999999999999999999999999 INCREMENT BY 1 START WITH 21 CACHE 20 NOORDER  NOCYCLE ;
--------------------------------------------------------
--  DDL for Table DGT_AREA
--------------------------------------------------------

  CREATE TABLE "DGT_AREA" 
   (	"SEC_AREA" NUMBER, 
	"NAM_AREA" VARCHAR2(32 BYTE)
   ) SEGMENT CREATION IMMEDIATE 
  PCTFREE 10 PCTUSED 40 INITRANS 1 MAXTRANS 255 NOCOMPRESS LOGGING
  STORAGE(INITIAL 65536 NEXT 1048576 MINEXTENTS 1 MAXEXTENTS 2147483645
  PCTINCREASE 0 FREELISTS 1 FREELIST GROUPS 1 BUFFER_POOL DEFAULT FLASH_CACHE DEFAULT CELL_FLASH_CACHE DEFAULT)
  TABLESPACE "USERS" ;
--------------------------------------------------------
--  DDL for Table DGT_AUDITORIA_ESTADO_AGENTE
--------------------------------------------------------

  CREATE TABLE "DGT_AUDITORIA_ESTADO_AGENTE" 
   (	"CEDULA_AGENTE" NUMBER, 
	"DAT_AUDITORIA_ESTADO" DATE, 
	"SEQ_ESTADO" NUMBER
   ) SEGMENT CREATION IMMEDIATE 
  PCTFREE 10 PCTUSED 40 INITRANS 1 MAXTRANS 255 NOCOMPRESS LOGGING
  STORAGE(INITIAL 65536 NEXT 1048576 MINEXTENTS 1 MAXEXTENTS 2147483645
  PCTINCREASE 0 FREELISTS 1 FREELIST GROUPS 1 BUFFER_POOL DEFAULT FLASH_CACHE DEFAULT CELL_FLASH_CACHE DEFAULT)
  TABLESPACE "USERS" ;
--------------------------------------------------------
--  DDL for Table DGT_AUDITORIA_TURNO
--------------------------------------------------------

  CREATE TABLE "DGT_AUDITORIA_TURNO" 
   (	"NUMERO_TURNO" NUMBER, 
	"HORA_AUDITORIA" DATE, 
	"CEDULA_AGENTE" NUMBER, 
	"ESTADO" VARCHAR2(32 BYTE), 
	"DESCRIPCION" VARCHAR2(32 BYTE)
   ) SEGMENT CREATION IMMEDIATE 
  PCTFREE 10 PCTUSED 40 INITRANS 1 MAXTRANS 255 NOCOMPRESS LOGGING
  STORAGE(INITIAL 65536 NEXT 1048576 MINEXTENTS 1 MAXEXTENTS 2147483645
  PCTINCREASE 0 FREELISTS 1 FREELIST GROUPS 1 BUFFER_POOL DEFAULT FLASH_CACHE DEFAULT CELL_FLASH_CACHE DEFAULT)
  TABLESPACE "USERS" ;
--------------------------------------------------------
--  DDL for Table DGT_CLIENTE
--------------------------------------------------------

  CREATE TABLE "DGT_CLIENTE" 
   (	"CLIENTE_CEDULA" NUMBER(10,0), 
	"NAM_CLIENTE" VARCHAR2(32 BYTE), 
	"APELLIDO_CLIENTE" VARCHAR2(32 BYTE), 
	"CORREO_CLIENTE" VARCHAR2(32 BYTE), 
	"CLAVE_CLIENTE" VARCHAR2(50 BYTE)
   ) SEGMENT CREATION IMMEDIATE 
  PCTFREE 10 PCTUSED 40 INITRANS 1 MAXTRANS 255 NOCOMPRESS LOGGING
  STORAGE(INITIAL 65536 NEXT 1048576 MINEXTENTS 1 MAXEXTENTS 2147483645
  PCTINCREASE 0 FREELISTS 1 FREELIST GROUPS 1 BUFFER_POOL DEFAULT FLASH_CACHE DEFAULT CELL_FLASH_CACHE DEFAULT)
  TABLESPACE "USERS" ;
--------------------------------------------------------
--  DDL for Table DGT_CLIENTE_PROGRAMA
--------------------------------------------------------

  CREATE TABLE "DGT_CLIENTE_PROGRAMA" 
   (	"SEQ_PROGRAMA" NUMBER, 
	"SEQ_CLIENTE" NUMBER
   ) SEGMENT CREATION IMMEDIATE 
  PCTFREE 10 PCTUSED 40 INITRANS 1 MAXTRANS 255 NOCOMPRESS LOGGING
  STORAGE(INITIAL 65536 NEXT 1048576 MINEXTENTS 1 MAXEXTENTS 2147483645
  PCTINCREASE 0 FREELISTS 1 FREELIST GROUPS 1 BUFFER_POOL DEFAULT FLASH_CACHE DEFAULT CELL_FLASH_CACHE DEFAULT)
  TABLESPACE "USERS" ;
--------------------------------------------------------
--  DDL for Table DGT_CLIENTE_ROL
--------------------------------------------------------

  CREATE TABLE "DGT_CLIENTE_ROL" 
   (	"SEC_CLIENTE_ROL" NUMBER(*,0), 
	"CLIENTE_CEDULA" NUMBER(10,0), 
	"SEC_ROL" NUMBER, 
	"SEC_AREA" NUMBER, 
	"SEC_ESTADO" NUMBER, 
	"SEC_MODULO" NUMBER
   ) SEGMENT CREATION IMMEDIATE 
  PCTFREE 10 PCTUSED 40 INITRANS 1 MAXTRANS 255 NOCOMPRESS LOGGING
  STORAGE(INITIAL 65536 NEXT 1048576 MINEXTENTS 1 MAXEXTENTS 2147483645
  PCTINCREASE 0 FREELISTS 1 FREELIST GROUPS 1 BUFFER_POOL DEFAULT FLASH_CACHE DEFAULT CELL_FLASH_CACHE DEFAULT)
  TABLESPACE "USERS" ;
--------------------------------------------------------
--  DDL for Table DGT_CLIENTE_SERVICIO
--------------------------------------------------------

  CREATE TABLE "DGT_CLIENTE_SERVICIO" 
   (	"SEC_CLIENTE_SERVICIO" NUMBER, 
	"SEC_CLIENTE" NUMBER, 
	"SEC_SERVICIO" NUMBER
   ) SEGMENT CREATION IMMEDIATE 
  PCTFREE 10 PCTUSED 40 INITRANS 1 MAXTRANS 255 NOCOMPRESS LOGGING
  STORAGE(INITIAL 65536 NEXT 1048576 MINEXTENTS 1 MAXEXTENTS 2147483645
  PCTINCREASE 0 FREELISTS 1 FREELIST GROUPS 1 BUFFER_POOL DEFAULT FLASH_CACHE DEFAULT CELL_FLASH_CACHE DEFAULT)
  TABLESPACE "USERS" ;
--------------------------------------------------------
--  DDL for Table DGT_ESTADO
--------------------------------------------------------

  CREATE TABLE "DGT_ESTADO" 
   (	"SEC_ESTADO" NUMBER, 
	"NAM_ESTADO" VARCHAR2(32 BYTE), 
	"TIEMPO_MAXIMO_MINUTOS" VARCHAR2(2 BYTE)
   ) SEGMENT CREATION IMMEDIATE 
  PCTFREE 10 PCTUSED 40 INITRANS 1 MAXTRANS 255 NOCOMPRESS LOGGING
  STORAGE(INITIAL 65536 NEXT 1048576 MINEXTENTS 1 MAXEXTENTS 2147483645
  PCTINCREASE 0 FREELISTS 1 FREELIST GROUPS 1 BUFFER_POOL DEFAULT FLASH_CACHE DEFAULT CELL_FLASH_CACHE DEFAULT)
  TABLESPACE "USERS" ;
--------------------------------------------------------
--  DDL for Table DGT_MODULO
--------------------------------------------------------

  CREATE TABLE "DGT_MODULO" 
   (	"SEC_MODULO" NUMBER, 
	"NAM_MODULO" VARCHAR2(20 BYTE)
   ) SEGMENT CREATION IMMEDIATE 
  PCTFREE 10 PCTUSED 40 INITRANS 1 MAXTRANS 255 NOCOMPRESS LOGGING
  STORAGE(INITIAL 65536 NEXT 1048576 MINEXTENTS 1 MAXEXTENTS 2147483645
  PCTINCREASE 0 FREELISTS 1 FREELIST GROUPS 1 BUFFER_POOL DEFAULT FLASH_CACHE DEFAULT CELL_FLASH_CACHE DEFAULT)
  TABLESPACE "USERS" ;
--------------------------------------------------------
--  DDL for Table DGT_PROGRAMA
--------------------------------------------------------

  CREATE TABLE "DGT_PROGRAMA" 
   (	"SEQ_PROGRAMA" NUMBER, 
	"PROGRAMA_ANTECESOR" NUMBER, 
	"NAM_PROGRAMA" VARCHAR2(64 BYTE)
   ) SEGMENT CREATION IMMEDIATE 
  PCTFREE 10 PCTUSED 40 INITRANS 1 MAXTRANS 255 NOCOMPRESS LOGGING
  STORAGE(INITIAL 65536 NEXT 1048576 MINEXTENTS 1 MAXEXTENTS 2147483645
  PCTINCREASE 0 FREELISTS 1 FREELIST GROUPS 1 BUFFER_POOL DEFAULT FLASH_CACHE DEFAULT CELL_FLASH_CACHE DEFAULT)
  TABLESPACE "USERS" ;
--------------------------------------------------------
--  DDL for Table DGT_ROL
--------------------------------------------------------

  CREATE TABLE "DGT_ROL" 
   (	"SEC_ROL" NUMBER, 
	"NAM_ROL" VARCHAR2(32 BYTE)
   ) SEGMENT CREATION IMMEDIATE 
  PCTFREE 10 PCTUSED 40 INITRANS 1 MAXTRANS 255 NOCOMPRESS LOGGING
  STORAGE(INITIAL 65536 NEXT 1048576 MINEXTENTS 1 MAXEXTENTS 2147483645
  PCTINCREASE 0 FREELISTS 1 FREELIST GROUPS 1 BUFFER_POOL DEFAULT FLASH_CACHE DEFAULT CELL_FLASH_CACHE DEFAULT)
  TABLESPACE "USERS" ;
--------------------------------------------------------
--  DDL for Table DGT_SERVICIO
--------------------------------------------------------

  CREATE TABLE "DGT_SERVICIO" 
   (	"SEC_SERVICIO" NUMBER, 
	"SERVICIO_ANTECESOR" NUMBER, 
	"NAM_SERVICIO" VARCHAR2(120 BYTE), 
	"TIPO_SERVICIO" NUMBER
   ) SEGMENT CREATION IMMEDIATE 
  PCTFREE 10 PCTUSED 40 INITRANS 1 MAXTRANS 255 NOCOMPRESS LOGGING
  STORAGE(INITIAL 65536 NEXT 1048576 MINEXTENTS 1 MAXEXTENTS 2147483645
  PCTINCREASE 0 FREELISTS 1 FREELIST GROUPS 1 BUFFER_POOL DEFAULT FLASH_CACHE DEFAULT CELL_FLASH_CACHE DEFAULT)
  TABLESPACE "USERS" ;
--------------------------------------------------------
--  DDL for Table DGT_TIPO_SERVICIO
--------------------------------------------------------

  CREATE TABLE "DGT_TIPO_SERVICIO" 
   (	"ID_TIPO_SERVICIO" NUMBER, 
	"NAM_TIPO_SERVICIO" VARCHAR2(20 BYTE), 
	"PRIORIDAD_TIPO_SERVICIO" VARCHAR2(20 BYTE)
   ) SEGMENT CREATION IMMEDIATE 
  PCTFREE 10 PCTUSED 40 INITRANS 1 MAXTRANS 255 NOCOMPRESS LOGGING
  STORAGE(INITIAL 65536 NEXT 1048576 MINEXTENTS 1 MAXEXTENTS 2147483645
  PCTINCREASE 0 FREELISTS 1 FREELIST GROUPS 1 BUFFER_POOL DEFAULT FLASH_CACHE DEFAULT CELL_FLASH_CACHE DEFAULT)
  TABLESPACE "USERS" ;
--------------------------------------------------------
--  DDL for Table DGT_TIPO_USUARIO
--------------------------------------------------------

  CREATE TABLE "DGT_TIPO_USUARIO" 
   (	"SEC_TIPO_USUARIO" NUMBER, 
	"NAM_TIPO_USUARIO" VARCHAR2(32 BYTE), 
	"PRIORIDAD" VARCHAR2(20 BYTE)
   ) SEGMENT CREATION IMMEDIATE 
  PCTFREE 10 PCTUSED 40 INITRANS 1 MAXTRANS 255 NOCOMPRESS LOGGING
  STORAGE(INITIAL 65536 NEXT 1048576 MINEXTENTS 1 MAXEXTENTS 2147483645
  PCTINCREASE 0 FREELISTS 1 FREELIST GROUPS 1 BUFFER_POOL DEFAULT FLASH_CACHE DEFAULT CELL_FLASH_CACHE DEFAULT)
  TABLESPACE "USERS" ;
--------------------------------------------------------
--  DDL for Table DGT_TIPO_USUARIO_SERVICIO
--------------------------------------------------------

  CREATE TABLE "DGT_TIPO_USUARIO_SERVICIO" 
   (	"SEC_TIPO_USUARIO_SERVICIO" NUMBER, 
	"SEC_TIPO_USUARIO" NUMBER, 
	"SEC_SERVICIO" NUMBER
   ) SEGMENT CREATION IMMEDIATE 
  PCTFREE 10 PCTUSED 40 INITRANS 1 MAXTRANS 255 NOCOMPRESS LOGGING
  STORAGE(INITIAL 65536 NEXT 1048576 MINEXTENTS 1 MAXEXTENTS 2147483645
  PCTINCREASE 0 FREELISTS 1 FREELIST GROUPS 1 BUFFER_POOL DEFAULT FLASH_CACHE DEFAULT CELL_FLASH_CACHE DEFAULT)
  TABLESPACE "USERS" ;
--------------------------------------------------------
--  DDL for Table DGT_TURNO
--------------------------------------------------------

  CREATE TABLE "DGT_TURNO" 
   (	"SEC_TURNO" NUMBER, 
	"NUMERO_TURNO" VARCHAR2(20 BYTE), 
	"DAT_HORA_SOLICITUD" DATE, 
	"DAT_HORA_ATENCION" DATE, 
	"DAT_HORA_FINALIZACION" DATE, 
	"NOMBRE_USUARIO" VARCHAR2(64 BYTE), 
	"IDENTIFICACION_USUARIO" NUMBER, 
	"PROGRAMA_USUARIO" VARCHAR2(64 BYTE), 
	"FACULTAD_USUARIO" VARCHAR2(64 BYTE), 
	"SEMESTRE_ACTUAL_USUARIO" VARCHAR2(64 BYTE), 
	"SEC_TIPO_USUARIO_SERVICIO" NUMBER, 
	"SEC_AGENTE_SERVICIO" NUMBER, 
	"SERVICIO_SELECCIONADO" VARCHAR2(20 BYTE), 
	"GENERO" VARCHAR2(20 BYTE)
   ) SEGMENT CREATION IMMEDIATE 
  PCTFREE 10 PCTUSED 40 INITRANS 1 MAXTRANS 255 NOCOMPRESS LOGGING
  STORAGE(INITIAL 65536 NEXT 1048576 MINEXTENTS 1 MAXEXTENTS 2147483645
  PCTINCREASE 0 FREELISTS 1 FREELIST GROUPS 1 BUFFER_POOL DEFAULT FLASH_CACHE DEFAULT CELL_FLASH_CACHE DEFAULT)
  TABLESPACE "USERS" ;
--------------------------------------------------------
--  DDL for Table MENSAJE
--------------------------------------------------------

  CREATE TABLE "MENSAJE" 
   (	"ID" NUMBER(10,0), 
	"TITULO" VARCHAR2(50 BYTE), 
	"MENSAJE" VARCHAR2(50 BYTE)
   ) SEGMENT CREATION IMMEDIATE 
  PCTFREE 10 PCTUSED 40 INITRANS 1 MAXTRANS 255 NOCOMPRESS LOGGING
  STORAGE(INITIAL 65536 NEXT 1048576 MINEXTENTS 1 MAXEXTENTS 2147483645
  PCTINCREASE 0 FREELISTS 1 FREELIST GROUPS 1 BUFFER_POOL DEFAULT FLASH_CACHE DEFAULT CELL_FLASH_CACHE DEFAULT)
  TABLESPACE "USERS" ;
--------------------------------------------------------
--  DDL for Table MYCUSTOMER
--------------------------------------------------------

  CREATE TABLE "MYCUSTOMER" 
   (	"ID" NUMBER, 
	"NAME" VARCHAR2(20 BYTE), 
	"AGE" NUMBER, 
	"EMAIL" VARCHAR2(20 BYTE), 
	"CITY" VARCHAR2(20 BYTE)
   ) SEGMENT CREATION IMMEDIATE 
  PCTFREE 10 PCTUSED 40 INITRANS 1 MAXTRANS 255 NOCOMPRESS LOGGING
  STORAGE(INITIAL 65536 NEXT 1048576 MINEXTENTS 1 MAXEXTENTS 2147483645
  PCTINCREASE 0 FREELISTS 1 FREELIST GROUPS 1 BUFFER_POOL DEFAULT FLASH_CACHE DEFAULT CELL_FLASH_CACHE DEFAULT)
  TABLESPACE "USERS" ;
REM INSERTING into DGT_AREA
SET DEFINE OFF;
Insert into DGT_AREA (SEC_AREA,NAM_AREA) values ('19','Cancelacion');
Insert into DGT_AREA (SEC_AREA,NAM_AREA) values ('2','Tesoreria');
REM INSERTING into DGT_AUDITORIA_ESTADO_AGENTE
SET DEFINE OFF;
REM INSERTING into DGT_AUDITORIA_TURNO
SET DEFINE OFF;
Insert into DGT_AUDITORIA_TURNO (NUMERO_TURNO,HORA_AUDITORIA,CEDULA_AGENTE,ESTADO,DESCRIPCION) values ('1',to_date('13/09/18','DD/MM/RR'),'2','1','asd');
REM INSERTING into DGT_CLIENTE
SET DEFINE OFF;
Insert into DGT_CLIENTE (CLIENTE_CEDULA,NAM_CLIENTE,APELLIDO_CLIENTE,CORREO_CLIENTE,CLAVE_CLIENTE) values ('1113688182','Cristian','López','cclr@hotmail.com','assd');
Insert into DGT_CLIENTE (CLIENTE_CEDULA,NAM_CLIENTE,APELLIDO_CLIENTE,CORREO_CLIENTE,CLAVE_CLIENTE) values ('182558794','Sebastian','cuadros','asd@asd.com','asd');
Insert into DGT_CLIENTE (CLIENTE_CEDULA,NAM_CLIENTE,APELLIDO_CLIENTE,CORREO_CLIENTE,CLAVE_CLIENTE) values ('13235432','daniel','Segovia','qasd@asds,com','asdq');
REM INSERTING into DGT_CLIENTE_PROGRAMA
SET DEFINE OFF;
REM INSERTING into DGT_CLIENTE_ROL
SET DEFINE OFF;
Insert into DGT_CLIENTE_ROL (SEC_CLIENTE_ROL,CLIENTE_CEDULA,SEC_ROL,SEC_AREA,SEC_ESTADO,SEC_MODULO) values ('1','1113688182','3','2',null,null);
Insert into DGT_CLIENTE_ROL (SEC_CLIENTE_ROL,CLIENTE_CEDULA,SEC_ROL,SEC_AREA,SEC_ESTADO,SEC_MODULO) values ('2','182558794','3',null,null,null);
Insert into DGT_CLIENTE_ROL (SEC_CLIENTE_ROL,CLIENTE_CEDULA,SEC_ROL,SEC_AREA,SEC_ESTADO,SEC_MODULO) values ('3','13235432','2',null,null,null);
Insert into DGT_CLIENTE_ROL (SEC_CLIENTE_ROL,CLIENTE_CEDULA,SEC_ROL,SEC_AREA,SEC_ESTADO,SEC_MODULO) values ('4','13235432','1',null,null,null);
REM INSERTING into DGT_CLIENTE_SERVICIO
SET DEFINE OFF;
Insert into DGT_CLIENTE_SERVICIO (SEC_CLIENTE_SERVICIO,SEC_CLIENTE,SEC_SERVICIO) values ('1','1','1001');
Insert into DGT_CLIENTE_SERVICIO (SEC_CLIENTE_SERVICIO,SEC_CLIENTE,SEC_SERVICIO) values ('3','2','1001');
REM INSERTING into DGT_ESTADO
SET DEFINE OFF;
Insert into DGT_ESTADO (SEC_ESTADO,NAM_ESTADO,TIEMPO_MAXIMO_MINUTOS) values ('1','Activo',null);
Insert into DGT_ESTADO (SEC_ESTADO,NAM_ESTADO,TIEMPO_MAXIMO_MINUTOS) values ('2','Inactivo total',null);
Insert into DGT_ESTADO (SEC_ESTADO,NAM_ESTADO,TIEMPO_MAXIMO_MINUTOS) values ('3','Break','15');
Insert into DGT_ESTADO (SEC_ESTADO,NAM_ESTADO,TIEMPO_MAXIMO_MINUTOS) values ('4','Baño','5');
REM INSERTING into DGT_MODULO
SET DEFINE OFF;
REM INSERTING into DGT_PROGRAMA
SET DEFINE OFF;
REM INSERTING into DGT_ROL
SET DEFINE OFF;
Insert into DGT_ROL (SEC_ROL,NAM_ROL) values ('1','Administrador');
Insert into DGT_ROL (SEC_ROL,NAM_ROL) values ('2','Directivo');
Insert into DGT_ROL (SEC_ROL,NAM_ROL) values ('3','Agente');
REM INSERTING into DGT_SERVICIO
SET DEFINE OFF;
Insert into DGT_SERVICIO (SEC_SERVICIO,SERVICIO_ANTECESOR,NAM_SERVICIO,TIPO_SERVICIO) values ('9',null,'3Pruebita','1');
Insert into DGT_SERVICIO (SEC_SERVICIO,SERVICIO_ANTECESOR,NAM_SERVICIO,TIPO_SERVICIO) values ('1001',null,'ds','1');
Insert into DGT_SERVICIO (SEC_SERVICIO,SERVICIO_ANTECESOR,NAM_SERVICIO,TIPO_SERVICIO) values ('1',null,'Aplazamiento','1');
Insert into DGT_SERVICIO (SEC_SERVICIO,SERVICIO_ANTECESOR,NAM_SERVICIO,TIPO_SERVICIO) values ('3',null,'Cancelacion de asignatura','1');
Insert into DGT_SERVICIO (SEC_SERVICIO,SERVICIO_ANTECESOR,NAM_SERVICIO,TIPO_SERVICIO) values ('4',null,'Excusas / Supletorios','1');
Insert into DGT_SERVICIO (SEC_SERVICIO,SERVICIO_ANTECESOR,NAM_SERVICIO,TIPO_SERVICIO) values ('5',null,'Segundo Calificador','1');
Insert into DGT_SERVICIO (SEC_SERVICIO,SERVICIO_ANTECESOR,NAM_SERVICIO,TIPO_SERVICIO) values ('6',null,'Segundo Calificador','1');
Insert into DGT_SERVICIO (SEC_SERVICIO,SERVICIO_ANTECESOR,NAM_SERVICIO,TIPO_SERVICIO) values ('7',null,'Adición asignaturas','2');
Insert into DGT_SERVICIO (SEC_SERVICIO,SERVICIO_ANTECESOR,NAM_SERVICIO,TIPO_SERVICIO) values ('8',null,'Inscripción','2');
REM INSERTING into DGT_TIPO_SERVICIO
SET DEFINE OFF;
Insert into DGT_TIPO_SERVICIO (ID_TIPO_SERVICIO,NAM_TIPO_SERVICIO,PRIORIDAD_TIPO_SERVICIO) values ('1','TRAMITE GENERAL','1');
Insert into DGT_TIPO_SERVICIO (ID_TIPO_SERVICIO,NAM_TIPO_SERVICIO,PRIORIDAD_TIPO_SERVICIO) values ('2','TRAMITE ESPECIFICO','2');
REM INSERTING into DGT_TIPO_USUARIO
SET DEFINE OFF;
Insert into DGT_TIPO_USUARIO (SEC_TIPO_USUARIO,NAM_TIPO_USUARIO,PRIORIDAD) values ('1','Estudiante',null);
Insert into DGT_TIPO_USUARIO (SEC_TIPO_USUARIO,NAM_TIPO_USUARIO,PRIORIDAD) values ('2','Externo',null);
Insert into DGT_TIPO_USUARIO (SEC_TIPO_USUARIO,NAM_TIPO_USUARIO,PRIORIDAD) values ('3','Empleado',null);
Insert into DGT_TIPO_USUARIO (SEC_TIPO_USUARIO,NAM_TIPO_USUARIO,PRIORIDAD) values ('4','Egresado',null);
REM INSERTING into DGT_TIPO_USUARIO_SERVICIO
SET DEFINE OFF;
Insert into DGT_TIPO_USUARIO_SERVICIO (SEC_TIPO_USUARIO_SERVICIO,SEC_TIPO_USUARIO,SEC_SERVICIO) values ('2','3','1');
Insert into DGT_TIPO_USUARIO_SERVICIO (SEC_TIPO_USUARIO_SERVICIO,SEC_TIPO_USUARIO,SEC_SERVICIO) values ('3','1','1');
Insert into DGT_TIPO_USUARIO_SERVICIO (SEC_TIPO_USUARIO_SERVICIO,SEC_TIPO_USUARIO,SEC_SERVICIO) values ('4','1','4');
REM INSERTING into DGT_TURNO
SET DEFINE OFF;
REM INSERTING into MENSAJE
SET DEFINE OFF;
Insert into MENSAJE (ID,TITULO,MENSAJE) values ('1','fg','g');
REM INSERTING into MYCUSTOMER
SET DEFINE OFF;
Insert into MYCUSTOMER (ID,NAME,AGE,EMAIL,CITY) values ('1','AbC','28','asd@asd.com','Mumbai');
--------------------------------------------------------
--  DDL for Index CLIENTE_CEDULA_PK
--------------------------------------------------------

  CREATE UNIQUE INDEX "CLIENTE_CEDULA_PK" ON "DGT_CLIENTE" ("CLIENTE_CEDULA") 
  PCTFREE 10 INITRANS 2 MAXTRANS 255 COMPUTE STATISTICS 
  STORAGE(INITIAL 65536 NEXT 1048576 MINEXTENTS 1 MAXEXTENTS 2147483645
  PCTINCREASE 0 FREELISTS 1 FREELIST GROUPS 1 BUFFER_POOL DEFAULT FLASH_CACHE DEFAULT CELL_FLASH_CACHE DEFAULT)
  TABLESPACE "USERS" ;
--------------------------------------------------------
--  DDL for Index CLIENTE_ROL_PK
--------------------------------------------------------

  CREATE UNIQUE INDEX "CLIENTE_ROL_PK" ON "DGT_CLIENTE_ROL" ("SEC_CLIENTE_ROL") 
  PCTFREE 10 INITRANS 2 MAXTRANS 255 COMPUTE STATISTICS 
  STORAGE(INITIAL 65536 NEXT 1048576 MINEXTENTS 1 MAXEXTENTS 2147483645
  PCTINCREASE 0 FREELISTS 1 FREELIST GROUPS 1 BUFFER_POOL DEFAULT FLASH_CACHE DEFAULT CELL_FLASH_CACHE DEFAULT)
  TABLESPACE "USERS" ;
--------------------------------------------------------
--  DDL for Index DGT_AUDITORIA_TURNO_PK
--------------------------------------------------------

  CREATE UNIQUE INDEX "DGT_AUDITORIA_TURNO_PK" ON "DGT_AUDITORIA_TURNO" ("HORA_AUDITORIA") 
  PCTFREE 10 INITRANS 2 MAXTRANS 255 COMPUTE STATISTICS 
  STORAGE(INITIAL 65536 NEXT 1048576 MINEXTENTS 1 MAXEXTENTS 2147483645
  PCTINCREASE 0 FREELISTS 1 FREELIST GROUPS 1 BUFFER_POOL DEFAULT FLASH_CACHE DEFAULT CELL_FLASH_CACHE DEFAULT)
  TABLESPACE "USERS" ;
--------------------------------------------------------
--  DDL for Index DGT_CLIENTE_PROGRAMA_UK1
--------------------------------------------------------

  CREATE UNIQUE INDEX "DGT_CLIENTE_PROGRAMA_UK1" ON "DGT_CLIENTE_PROGRAMA" ("SEQ_PROGRAMA", "SEQ_CLIENTE") 
  PCTFREE 10 INITRANS 2 MAXTRANS 255 COMPUTE STATISTICS 
  STORAGE(INITIAL 65536 NEXT 1048576 MINEXTENTS 1 MAXEXTENTS 2147483645
  PCTINCREASE 0 FREELISTS 1 FREELIST GROUPS 1 BUFFER_POOL DEFAULT FLASH_CACHE DEFAULT CELL_FLASH_CACHE DEFAULT)
  TABLESPACE "USERS" ;
--------------------------------------------------------
--  DDL for Index DGT_CLIENTE_ROL_UK1
--------------------------------------------------------

  CREATE UNIQUE INDEX "DGT_CLIENTE_ROL_UK1" ON "DGT_CLIENTE_ROL" ("CLIENTE_CEDULA", "SEC_ROL") 
  PCTFREE 10 INITRANS 2 MAXTRANS 255 COMPUTE STATISTICS 
  STORAGE(INITIAL 65536 NEXT 1048576 MINEXTENTS 1 MAXEXTENTS 2147483645
  PCTINCREASE 0 FREELISTS 1 FREELIST GROUPS 1 BUFFER_POOL DEFAULT FLASH_CACHE DEFAULT CELL_FLASH_CACHE DEFAULT)
  TABLESPACE "USERS" ;
--------------------------------------------------------
--  DDL for Index DGT_CLIENTE_SERVICIO_UK1
--------------------------------------------------------

  CREATE UNIQUE INDEX "DGT_CLIENTE_SERVICIO_UK1" ON "DGT_CLIENTE_SERVICIO" ("SEC_CLIENTE", "SEC_SERVICIO") 
  PCTFREE 10 INITRANS 2 MAXTRANS 255 COMPUTE STATISTICS 
  STORAGE(INITIAL 65536 NEXT 1048576 MINEXTENTS 1 MAXEXTENTS 2147483645
  PCTINCREASE 0 FREELISTS 1 FREELIST GROUPS 1 BUFFER_POOL DEFAULT FLASH_CACHE DEFAULT CELL_FLASH_CACHE DEFAULT)
  TABLESPACE "USERS" ;
--------------------------------------------------------
--  DDL for Index DGT_MODULO_PK
--------------------------------------------------------

  CREATE UNIQUE INDEX "DGT_MODULO_PK" ON "DGT_MODULO" ("SEC_MODULO") 
  PCTFREE 10 INITRANS 2 MAXTRANS 255 COMPUTE STATISTICS 
  STORAGE(INITIAL 65536 NEXT 1048576 MINEXTENTS 1 MAXEXTENTS 2147483645
  PCTINCREASE 0 FREELISTS 1 FREELIST GROUPS 1 BUFFER_POOL DEFAULT FLASH_CACHE DEFAULT CELL_FLASH_CACHE DEFAULT)
  TABLESPACE "USERS" ;
--------------------------------------------------------
--  DDL for Index DGT_TIPO_SERVICIO_PK
--------------------------------------------------------

  CREATE UNIQUE INDEX "DGT_TIPO_SERVICIO_PK" ON "DGT_TIPO_SERVICIO" ("ID_TIPO_SERVICIO") 
  PCTFREE 10 INITRANS 2 MAXTRANS 255 COMPUTE STATISTICS 
  STORAGE(INITIAL 65536 NEXT 1048576 MINEXTENTS 1 MAXEXTENTS 2147483645
  PCTINCREASE 0 FREELISTS 1 FREELIST GROUPS 1 BUFFER_POOL DEFAULT FLASH_CACHE DEFAULT CELL_FLASH_CACHE DEFAULT)
  TABLESPACE "USERS" ;
--------------------------------------------------------
--  DDL for Index DGT_TIPO_USUARIO_SERVICIO_UK1
--------------------------------------------------------

  CREATE UNIQUE INDEX "DGT_TIPO_USUARIO_SERVICIO_UK1" ON "DGT_TIPO_USUARIO_SERVICIO" ("SEC_TIPO_USUARIO", "SEC_SERVICIO") 
  PCTFREE 10 INITRANS 2 MAXTRANS 255 COMPUTE STATISTICS 
  STORAGE(INITIAL 65536 NEXT 1048576 MINEXTENTS 1 MAXEXTENTS 2147483645
  PCTINCREASE 0 FREELISTS 1 FREELIST GROUPS 1 BUFFER_POOL DEFAULT FLASH_CACHE DEFAULT CELL_FLASH_CACHE DEFAULT)
  TABLESPACE "USERS" ;
--------------------------------------------------------
--  DDL for Index MYCUSTOMER_PK
--------------------------------------------------------

  CREATE UNIQUE INDEX "MYCUSTOMER_PK" ON "MYCUSTOMER" ("ID") 
  PCTFREE 10 INITRANS 2 MAXTRANS 255 COMPUTE STATISTICS 
  STORAGE(INITIAL 65536 NEXT 1048576 MINEXTENTS 1 MAXEXTENTS 2147483645
  PCTINCREASE 0 FREELISTS 1 FREELIST GROUPS 1 BUFFER_POOL DEFAULT FLASH_CACHE DEFAULT CELL_FLASH_CACHE DEFAULT)
  TABLESPACE "USERS" ;
--------------------------------------------------------
--  DDL for Index PROGRAMA_PK
--------------------------------------------------------

  CREATE UNIQUE INDEX "PROGRAMA_PK" ON "DGT_PROGRAMA" ("SEQ_PROGRAMA") 
  PCTFREE 10 INITRANS 2 MAXTRANS 255 COMPUTE STATISTICS 
  STORAGE(INITIAL 65536 NEXT 1048576 MINEXTENTS 1 MAXEXTENTS 2147483645
  PCTINCREASE 0 FREELISTS 1 FREELIST GROUPS 1 BUFFER_POOL DEFAULT FLASH_CACHE DEFAULT CELL_FLASH_CACHE DEFAULT)
  TABLESPACE "USERS" ;
--------------------------------------------------------
--  DDL for Index SEQ_AGENTE_SERVICIO
--------------------------------------------------------

  CREATE UNIQUE INDEX "SEQ_AGENTE_SERVICIO" ON "DGT_CLIENTE_SERVICIO" ("SEC_CLIENTE_SERVICIO") 
  PCTFREE 10 INITRANS 2 MAXTRANS 255 COMPUTE STATISTICS 
  STORAGE(INITIAL 65536 NEXT 1048576 MINEXTENTS 1 MAXEXTENTS 2147483645
  PCTINCREASE 0 FREELISTS 1 FREELIST GROUPS 1 BUFFER_POOL DEFAULT FLASH_CACHE DEFAULT CELL_FLASH_CACHE DEFAULT)
  TABLESPACE "USERS" ;
--------------------------------------------------------
--  DDL for Index SEQ_AREA
--------------------------------------------------------

  CREATE UNIQUE INDEX "SEQ_AREA" ON "DGT_AREA" ("SEC_AREA") 
  PCTFREE 10 INITRANS 2 MAXTRANS 255 COMPUTE STATISTICS 
  STORAGE(INITIAL 65536 NEXT 1048576 MINEXTENTS 1 MAXEXTENTS 2147483645
  PCTINCREASE 0 FREELISTS 1 FREELIST GROUPS 1 BUFFER_POOL DEFAULT FLASH_CACHE DEFAULT CELL_FLASH_CACHE DEFAULT)
  TABLESPACE "USERS" ;
--------------------------------------------------------
--  DDL for Index SEQ_ESTADO
--------------------------------------------------------

  CREATE UNIQUE INDEX "SEQ_ESTADO" ON "DGT_ESTADO" ("SEC_ESTADO") 
  PCTFREE 10 INITRANS 2 MAXTRANS 255 COMPUTE STATISTICS 
  STORAGE(INITIAL 65536 NEXT 1048576 MINEXTENTS 1 MAXEXTENTS 2147483645
  PCTINCREASE 0 FREELISTS 1 FREELIST GROUPS 1 BUFFER_POOL DEFAULT FLASH_CACHE DEFAULT CELL_FLASH_CACHE DEFAULT)
  TABLESPACE "USERS" ;
--------------------------------------------------------
--  DDL for Index SEQ_ROL
--------------------------------------------------------

  CREATE UNIQUE INDEX "SEQ_ROL" ON "DGT_ROL" ("SEC_ROL") 
  PCTFREE 10 INITRANS 2 MAXTRANS 255 COMPUTE STATISTICS 
  STORAGE(INITIAL 65536 NEXT 1048576 MINEXTENTS 1 MAXEXTENTS 2147483645
  PCTINCREASE 0 FREELISTS 1 FREELIST GROUPS 1 BUFFER_POOL DEFAULT FLASH_CACHE DEFAULT CELL_FLASH_CACHE DEFAULT)
  TABLESPACE "USERS" ;
--------------------------------------------------------
--  DDL for Index SEQ_SERVICIO
--------------------------------------------------------

  CREATE UNIQUE INDEX "SEQ_SERVICIO" ON "DGT_SERVICIO" ("SEC_SERVICIO") 
  PCTFREE 10 INITRANS 2 MAXTRANS 255 COMPUTE STATISTICS 
  STORAGE(INITIAL 65536 NEXT 1048576 MINEXTENTS 1 MAXEXTENTS 2147483645
  PCTINCREASE 0 FREELISTS 1 FREELIST GROUPS 1 BUFFER_POOL DEFAULT FLASH_CACHE DEFAULT CELL_FLASH_CACHE DEFAULT)
  TABLESPACE "USERS" ;
--------------------------------------------------------
--  DDL for Index SEQ_TURNO
--------------------------------------------------------

  CREATE UNIQUE INDEX "SEQ_TURNO" ON "DGT_TURNO" ("SEC_TURNO") 
  PCTFREE 10 INITRANS 2 MAXTRANS 255 COMPUTE STATISTICS 
  STORAGE(INITIAL 65536 NEXT 1048576 MINEXTENTS 1 MAXEXTENTS 2147483645
  PCTINCREASE 0 FREELISTS 1 FREELIST GROUPS 1 BUFFER_POOL DEFAULT FLASH_CACHE DEFAULT CELL_FLASH_CACHE DEFAULT)
  TABLESPACE "USERS" ;
--------------------------------------------------------
--  DDL for Index TIPO_USUARIO_PK
--------------------------------------------------------

  CREATE UNIQUE INDEX "TIPO_USUARIO_PK" ON "DGT_TIPO_USUARIO" ("SEC_TIPO_USUARIO") 
  PCTFREE 10 INITRANS 2 MAXTRANS 255 COMPUTE STATISTICS 
  STORAGE(INITIAL 65536 NEXT 1048576 MINEXTENTS 1 MAXEXTENTS 2147483645
  PCTINCREASE 0 FREELISTS 1 FREELIST GROUPS 1 BUFFER_POOL DEFAULT FLASH_CACHE DEFAULT CELL_FLASH_CACHE DEFAULT)
  TABLESPACE "USERS" ;
--------------------------------------------------------
--  DDL for Index TIPO_USUARIO_SERVICIO_PK
--------------------------------------------------------

  CREATE UNIQUE INDEX "TIPO_USUARIO_SERVICIO_PK" ON "DGT_TIPO_USUARIO_SERVICIO" ("SEC_TIPO_USUARIO_SERVICIO") 
  PCTFREE 10 INITRANS 2 MAXTRANS 255 COMPUTE STATISTICS 
  STORAGE(INITIAL 65536 NEXT 1048576 MINEXTENTS 1 MAXEXTENTS 2147483645
  PCTINCREASE 0 FREELISTS 1 FREELIST GROUPS 1 BUFFER_POOL DEFAULT FLASH_CACHE DEFAULT CELL_FLASH_CACHE DEFAULT)
  TABLESPACE "USERS" ;
--------------------------------------------------------
--  DDL for Trigger TRIGGER_DGT_AREA
--------------------------------------------------------

  CREATE OR REPLACE TRIGGER "TRIGGER_DGT_AREA" 

BEFORE INSERT ON DGT_AREA 

FOR EACH ROW 

BEGIN 

IF :NEW.SEC_AREA IS NULL THEN :NEW.SEC_AREA :=DTS_AREA.nextval; 

END IF; 

END TRIGGER_DGT_AREA;
/
ALTER TRIGGER "TRIGGER_DGT_AREA" ENABLE;
--------------------------------------------------------
--  DDL for Trigger TRIGGER_DGT_CLIENTE_ROL
--------------------------------------------------------

  CREATE OR REPLACE TRIGGER "TRIGGER_DGT_CLIENTE_ROL" 

BEFORE INSERT ON DGT_CLIENTE_ROL 

FOR EACH ROW 

BEGIN 

IF :NEW.SEC_CLIENTE_ROL IS NULL THEN :NEW.SEC_CLIENTE_ROL :=DTS_CLIENTE_ROL.nextval; 

END IF; 

END TRIGGER_DGT_CLIENTE_ROL;
/
ALTER TRIGGER "TRIGGER_DGT_CLIENTE_ROL" ENABLE;
--------------------------------------------------------
--  DDL for Trigger TRIGGER_DGT_CLIENTE_SERVICIO
--------------------------------------------------------

  CREATE OR REPLACE TRIGGER "TRIGGER_DGT_CLIENTE_SERVICIO" 

BEFORE INSERT ON DGT_CLIENTE_SERVICIO 

FOR EACH ROW 

BEGIN 

IF :NEW.SEC_CLIENTE_SERVICIO IS NULL THEN :NEW.SEC_CLIENTE_SERVICIO :=DTS_CLIENTE_SERVICIO.nextval; 

END IF; 

END TRIGGER_DGT_CLIENTE_SERVICIO;
/
ALTER TRIGGER "TRIGGER_DGT_CLIENTE_SERVICIO" ENABLE;
--------------------------------------------------------
--  DDL for Trigger TRIGGER_DGT_ESTADO
--------------------------------------------------------

  CREATE OR REPLACE TRIGGER "TRIGGER_DGT_ESTADO" 

BEFORE INSERT ON DGT_ESTADO 

FOR EACH ROW 

BEGIN 

IF :NEW.SEC_ESTADO IS NULL THEN :NEW.SEC_ESTADO :=DTS_ESTADO.nextval; 

END IF; 

END TRIGGER_DGT_ESTADO;
/
ALTER TRIGGER "TRIGGER_DGT_ESTADO" ENABLE;
--------------------------------------------------------
--  DDL for Trigger TRIGGER_DGT_ROL
--------------------------------------------------------

  CREATE OR REPLACE TRIGGER "TRIGGER_DGT_ROL" 

BEFORE INSERT ON DGT_ROL 

FOR EACH ROW 

BEGIN 

IF :NEW.SEC_ROL IS NULL THEN :NEW.SEC_ROL :=DTS_ROL.nextval; 

END IF; 

END TRIGGER_DGT_ROL;
/
ALTER TRIGGER "TRIGGER_DGT_ROL" ENABLE;
--------------------------------------------------------
--  DDL for Trigger TRIGGER_DGT_SERVICIO
--------------------------------------------------------

  CREATE OR REPLACE TRIGGER "TRIGGER_DGT_SERVICIO" 

BEFORE INSERT ON DGT_SERVICIO 

FOR EACH ROW 

BEGIN 

IF :NEW.SEC_SERVICIO IS NULL THEN :NEW.SEC_SERVICIO :=DTS_SERVICIO.nextval; 

END IF; 

END TRIGGER_DGT_SERVICIO;
/
ALTER TRIGGER "TRIGGER_DGT_SERVICIO" ENABLE;
--------------------------------------------------------
--  DDL for Trigger TRIGGER_DGT_TIPO_USUARIO
--------------------------------------------------------

  CREATE OR REPLACE TRIGGER "TRIGGER_DGT_TIPO_USUARIO" 

BEFORE INSERT ON DGT_TIPO_USUARIO 

FOR EACH ROW 

BEGIN 

IF :NEW.SEC_TIPO_USUARIO IS NULL THEN :NEW.SEC_TIPO_USUARIO :=DTS_TIPO_USUARIO.nextval; 

END IF; 

END TRIGGER_DGT_TIPO_USUARIO;
/
ALTER TRIGGER "TRIGGER_DGT_TIPO_USUARIO" ENABLE;
--------------------------------------------------------
--  DDL for Trigger TRIGGER_DGT_TIP_USR_SERV
--------------------------------------------------------

  CREATE OR REPLACE TRIGGER "TRIGGER_DGT_TIP_USR_SERV" 

BEFORE INSERT ON DGT_TIPO_USUARIO_SERVICIO 

FOR EACH ROW 

BEGIN 

IF :NEW.SEC_TIPO_USUARIO_SERVICIO IS NULL THEN :NEW.SEC_TIPO_USUARIO_SERVICIO :=DTS_TIPO_USUARIO_SERVICIO.nextval; 

END IF; 

END TRIGGER_DGT_TIP_USR_SERV;
/
ALTER TRIGGER "TRIGGER_DGT_TIP_USR_SERV" ENABLE;
--------------------------------------------------------
--  DDL for Trigger TRIGGER_DGT_TURNO
--------------------------------------------------------

  CREATE OR REPLACE TRIGGER "TRIGGER_DGT_TURNO" 

BEFORE INSERT ON DGT_TURNO 

FOR EACH ROW 

BEGIN 

IF :NEW.SEC_TURNO IS NULL THEN :NEW.SEC_TURNO :=DTS_TURNO.nextval; 

END IF; 

END TRIGGER_DGT_TURNO;
/
ALTER TRIGGER "TRIGGER_DGT_TURNO" ENABLE;
--------------------------------------------------------
--  DDL for Function CUSTOM_AUTH
--------------------------------------------------------

  CREATE OR REPLACE FUNCTION "CUSTOM_AUTH" (p_username in VARCHAR2, p_password in VARCHAR2)
return BOOLEAN
is
  l_password varchar2(4000);
  l_stored_password varchar2(4000);
  l_expires_on date;
  l_count number;
begin
-- First, check to see if the user is in the user table
select count(*) into l_count from demo_users where user_name = p_username;
if l_count > 0 then
  -- First, we fetch the stored hashed password & expire date
  select password, expires_on into l_stored_password, l_expires_on
   from demo_users where user_name = p_username;

  -- Next, we check to see if the user's account is expired
  -- If it is, return FALSE
  if l_expires_on > sysdate or l_expires_on is null then

    -- If the account is not expired, we have to apply the custom hash
    -- function to the password
    l_password := custom_hash(p_username, p_password);

    -- Finally, we compare them to see if they are the same and return
    -- either TRUE or FALSE
    if l_password = l_stored_password then
      return true;
    else
      return false;
    end if;
  else
    return false;
  end if;
else
  -- The username provided is not in the DEMO_USERS table
  return false;
end if;
end;

/
--------------------------------------------------------
--  DDL for Function CUSTOM_HASH
--------------------------------------------------------

  CREATE OR REPLACE FUNCTION "CUSTOM_HASH" (p_username in varchar2, p_password in varchar2)
return varchar2
is
  l_password varchar2(4000);
  l_salt varchar2(4000) := 'AAGPAWX7SV48KWKBNGZE8OKHKTOW1P';
begin

-- This function should be wrapped, as the hash algorhythm is exposed here.
-- You can change the value of l_salt or the method of which to call the
-- DBMS_OBFUSCATOIN toolkit, but you much reset all of your passwords
-- if you choose to do this.

l_password := utl_raw.cast_to_raw(dbms_obfuscation_toolkit.md5
  (input_string => p_password || substr(l_salt,10,13) || p_username ||
    substr(l_salt, 4,10)));
return l_password;
end;

/
--------------------------------------------------------
--  Constraints for Table DGT_AREA
--------------------------------------------------------

  ALTER TABLE "DGT_AREA" ADD CONSTRAINT "SEQ_AREA_P" PRIMARY KEY ("SEC_AREA")
  USING INDEX PCTFREE 10 INITRANS 2 MAXTRANS 255 COMPUTE STATISTICS 
  STORAGE(INITIAL 65536 NEXT 1048576 MINEXTENTS 1 MAXEXTENTS 2147483645
  PCTINCREASE 0 FREELISTS 1 FREELIST GROUPS 1 BUFFER_POOL DEFAULT FLASH_CACHE DEFAULT CELL_FLASH_CACHE DEFAULT)
  TABLESPACE "USERS"  ENABLE;
  ALTER TABLE "DGT_AREA" MODIFY ("NAM_AREA" NOT NULL ENABLE);
  ALTER TABLE "DGT_AREA" MODIFY ("SEC_AREA" NOT NULL ENABLE);
--------------------------------------------------------
--  Constraints for Table DGT_AUDITORIA_ESTADO_AGENTE
--------------------------------------------------------

  ALTER TABLE "DGT_AUDITORIA_ESTADO_AGENTE" MODIFY ("CEDULA_AGENTE" NOT NULL ENABLE);
--------------------------------------------------------
--  Constraints for Table DGT_AUDITORIA_TURNO
--------------------------------------------------------

  ALTER TABLE "DGT_AUDITORIA_TURNO" ADD CONSTRAINT "DGT_AUDITORIA_TURNO_PK" PRIMARY KEY ("HORA_AUDITORIA")
  USING INDEX PCTFREE 10 INITRANS 2 MAXTRANS 255 COMPUTE STATISTICS 
  STORAGE(INITIAL 65536 NEXT 1048576 MINEXTENTS 1 MAXEXTENTS 2147483645
  PCTINCREASE 0 FREELISTS 1 FREELIST GROUPS 1 BUFFER_POOL DEFAULT FLASH_CACHE DEFAULT CELL_FLASH_CACHE DEFAULT)
  TABLESPACE "USERS"  ENABLE;
  ALTER TABLE "DGT_AUDITORIA_TURNO" MODIFY ("DESCRIPCION" NOT NULL ENABLE);
  ALTER TABLE "DGT_AUDITORIA_TURNO" MODIFY ("HORA_AUDITORIA" NOT NULL ENABLE);
  ALTER TABLE "DGT_AUDITORIA_TURNO" MODIFY ("NUMERO_TURNO" NOT NULL ENABLE);
--------------------------------------------------------
--  Constraints for Table DGT_CLIENTE
--------------------------------------------------------

  ALTER TABLE "DGT_CLIENTE" ADD CONSTRAINT "CLIENTE_CEDULA_PK" PRIMARY KEY ("CLIENTE_CEDULA")
  USING INDEX PCTFREE 10 INITRANS 2 MAXTRANS 255 COMPUTE STATISTICS 
  STORAGE(INITIAL 65536 NEXT 1048576 MINEXTENTS 1 MAXEXTENTS 2147483645
  PCTINCREASE 0 FREELISTS 1 FREELIST GROUPS 1 BUFFER_POOL DEFAULT FLASH_CACHE DEFAULT CELL_FLASH_CACHE DEFAULT)
  TABLESPACE "USERS"  ENABLE;
  ALTER TABLE "DGT_CLIENTE" MODIFY ("CLAVE_CLIENTE" NOT NULL ENABLE);
  ALTER TABLE "DGT_CLIENTE" MODIFY ("CORREO_CLIENTE" NOT NULL ENABLE);
  ALTER TABLE "DGT_CLIENTE" MODIFY ("APELLIDO_CLIENTE" NOT NULL ENABLE);
  ALTER TABLE "DGT_CLIENTE" MODIFY ("NAM_CLIENTE" NOT NULL ENABLE);
  ALTER TABLE "DGT_CLIENTE" MODIFY ("CLIENTE_CEDULA" NOT NULL ENABLE);
--------------------------------------------------------
--  Constraints for Table DGT_CLIENTE_PROGRAMA
--------------------------------------------------------

  ALTER TABLE "DGT_CLIENTE_PROGRAMA" ADD CONSTRAINT "DGT_CLIENTE_PROGRAMA_U1" UNIQUE ("SEQ_PROGRAMA", "SEQ_CLIENTE")
  USING INDEX PCTFREE 10 INITRANS 2 MAXTRANS 255 COMPUTE STATISTICS 
  STORAGE(INITIAL 65536 NEXT 1048576 MINEXTENTS 1 MAXEXTENTS 2147483645
  PCTINCREASE 0 FREELISTS 1 FREELIST GROUPS 1 BUFFER_POOL DEFAULT FLASH_CACHE DEFAULT CELL_FLASH_CACHE DEFAULT)
  TABLESPACE "USERS"  ENABLE;
  ALTER TABLE "DGT_CLIENTE_PROGRAMA" MODIFY ("SEQ_CLIENTE" NOT NULL ENABLE);
  ALTER TABLE "DGT_CLIENTE_PROGRAMA" MODIFY ("SEQ_PROGRAMA" NOT NULL ENABLE);
--------------------------------------------------------
--  Constraints for Table DGT_CLIENTE_ROL
--------------------------------------------------------

  ALTER TABLE "DGT_CLIENTE_ROL" ADD CONSTRAINT "DGT_CLIENTE_ROL_U1" UNIQUE ("CLIENTE_CEDULA", "SEC_ROL")
  USING INDEX PCTFREE 10 INITRANS 2 MAXTRANS 255 COMPUTE STATISTICS 
  STORAGE(INITIAL 65536 NEXT 1048576 MINEXTENTS 1 MAXEXTENTS 2147483645
  PCTINCREASE 0 FREELISTS 1 FREELIST GROUPS 1 BUFFER_POOL DEFAULT FLASH_CACHE DEFAULT CELL_FLASH_CACHE DEFAULT)
  TABLESPACE "USERS"  ENABLE;
  ALTER TABLE "DGT_CLIENTE_ROL" ADD CONSTRAINT "CLIENTE_ROL_P" PRIMARY KEY ("SEC_CLIENTE_ROL")
  USING INDEX PCTFREE 10 INITRANS 2 MAXTRANS 255 COMPUTE STATISTICS 
  STORAGE(INITIAL 65536 NEXT 1048576 MINEXTENTS 1 MAXEXTENTS 2147483645
  PCTINCREASE 0 FREELISTS 1 FREELIST GROUPS 1 BUFFER_POOL DEFAULT FLASH_CACHE DEFAULT CELL_FLASH_CACHE DEFAULT)
  TABLESPACE "USERS"  ENABLE;
  ALTER TABLE "DGT_CLIENTE_ROL" MODIFY ("SEC_ROL" NOT NULL ENABLE);
  ALTER TABLE "DGT_CLIENTE_ROL" MODIFY ("CLIENTE_CEDULA" NOT NULL ENABLE);
  ALTER TABLE "DGT_CLIENTE_ROL" MODIFY ("SEC_CLIENTE_ROL" NOT NULL ENABLE);
--------------------------------------------------------
--  Constraints for Table DGT_CLIENTE_SERVICIO
--------------------------------------------------------

  ALTER TABLE "DGT_CLIENTE_SERVICIO" ADD CONSTRAINT "DGT_CLIENTE_SERVICIO_U1" UNIQUE ("SEC_CLIENTE", "SEC_SERVICIO")
  USING INDEX PCTFREE 10 INITRANS 2 MAXTRANS 255 COMPUTE STATISTICS 
  STORAGE(INITIAL 65536 NEXT 1048576 MINEXTENTS 1 MAXEXTENTS 2147483645
  PCTINCREASE 0 FREELISTS 1 FREELIST GROUPS 1 BUFFER_POOL DEFAULT FLASH_CACHE DEFAULT CELL_FLASH_CACHE DEFAULT)
  TABLESPACE "USERS"  ENABLE;
  ALTER TABLE "DGT_CLIENTE_SERVICIO" ADD CONSTRAINT "SEQ_AGENTE_SERVICIO_P" PRIMARY KEY ("SEC_CLIENTE_SERVICIO")
  USING INDEX PCTFREE 10 INITRANS 2 MAXTRANS 255 COMPUTE STATISTICS 
  STORAGE(INITIAL 65536 NEXT 1048576 MINEXTENTS 1 MAXEXTENTS 2147483645
  PCTINCREASE 0 FREELISTS 1 FREELIST GROUPS 1 BUFFER_POOL DEFAULT FLASH_CACHE DEFAULT CELL_FLASH_CACHE DEFAULT)
  TABLESPACE "USERS"  ENABLE;
  ALTER TABLE "DGT_CLIENTE_SERVICIO" MODIFY ("SEC_SERVICIO" NOT NULL ENABLE);
  ALTER TABLE "DGT_CLIENTE_SERVICIO" MODIFY ("SEC_CLIENTE_SERVICIO" NOT NULL ENABLE);
--------------------------------------------------------
--  Constraints for Table DGT_ESTADO
--------------------------------------------------------

  ALTER TABLE "DGT_ESTADO" ADD CONSTRAINT "SEQ_ESTADO_P1" PRIMARY KEY ("SEC_ESTADO")
  USING INDEX PCTFREE 10 INITRANS 2 MAXTRANS 255 COMPUTE STATISTICS 
  STORAGE(INITIAL 65536 NEXT 1048576 MINEXTENTS 1 MAXEXTENTS 2147483645
  PCTINCREASE 0 FREELISTS 1 FREELIST GROUPS 1 BUFFER_POOL DEFAULT FLASH_CACHE DEFAULT CELL_FLASH_CACHE DEFAULT)
  TABLESPACE "USERS"  ENABLE;
  ALTER TABLE "DGT_ESTADO" MODIFY ("NAM_ESTADO" NOT NULL ENABLE);
  ALTER TABLE "DGT_ESTADO" MODIFY ("SEC_ESTADO" NOT NULL ENABLE);
--------------------------------------------------------
--  Constraints for Table DGT_MODULO
--------------------------------------------------------

  ALTER TABLE "DGT_MODULO" ADD CONSTRAINT "DGT_MODULO_P1" PRIMARY KEY ("SEC_MODULO")
  USING INDEX PCTFREE 10 INITRANS 2 MAXTRANS 255 COMPUTE STATISTICS 
  STORAGE(INITIAL 65536 NEXT 1048576 MINEXTENTS 1 MAXEXTENTS 2147483645
  PCTINCREASE 0 FREELISTS 1 FREELIST GROUPS 1 BUFFER_POOL DEFAULT FLASH_CACHE DEFAULT CELL_FLASH_CACHE DEFAULT)
  TABLESPACE "USERS"  ENABLE;
  ALTER TABLE "DGT_MODULO" MODIFY ("NAM_MODULO" NOT NULL ENABLE);
  ALTER TABLE "DGT_MODULO" MODIFY ("SEC_MODULO" NOT NULL ENABLE);
--------------------------------------------------------
--  Constraints for Table DGT_PROGRAMA
--------------------------------------------------------

  ALTER TABLE "DGT_PROGRAMA" ADD CONSTRAINT "PROGRAMA_P1" PRIMARY KEY ("SEQ_PROGRAMA")
  USING INDEX PCTFREE 10 INITRANS 2 MAXTRANS 255 COMPUTE STATISTICS 
  STORAGE(INITIAL 65536 NEXT 1048576 MINEXTENTS 1 MAXEXTENTS 2147483645
  PCTINCREASE 0 FREELISTS 1 FREELIST GROUPS 1 BUFFER_POOL DEFAULT FLASH_CACHE DEFAULT CELL_FLASH_CACHE DEFAULT)
  TABLESPACE "USERS"  ENABLE;
  ALTER TABLE "DGT_PROGRAMA" MODIFY ("NAM_PROGRAMA" NOT NULL ENABLE);
  ALTER TABLE "DGT_PROGRAMA" MODIFY ("SEQ_PROGRAMA" NOT NULL ENABLE);
--------------------------------------------------------
--  Constraints for Table DGT_ROL
--------------------------------------------------------

  ALTER TABLE "DGT_ROL" ADD CONSTRAINT "SEQ_ROL_P" PRIMARY KEY ("SEC_ROL")
  USING INDEX PCTFREE 10 INITRANS 2 MAXTRANS 255 COMPUTE STATISTICS 
  STORAGE(INITIAL 65536 NEXT 1048576 MINEXTENTS 1 MAXEXTENTS 2147483645
  PCTINCREASE 0 FREELISTS 1 FREELIST GROUPS 1 BUFFER_POOL DEFAULT FLASH_CACHE DEFAULT CELL_FLASH_CACHE DEFAULT)
  TABLESPACE "USERS"  ENABLE;
  ALTER TABLE "DGT_ROL" MODIFY ("NAM_ROL" NOT NULL ENABLE);
  ALTER TABLE "DGT_ROL" MODIFY ("SEC_ROL" NOT NULL ENABLE);
--------------------------------------------------------
--  Constraints for Table DGT_SERVICIO
--------------------------------------------------------

  ALTER TABLE "DGT_SERVICIO" MODIFY ("TIPO_SERVICIO" NOT NULL ENABLE);
  ALTER TABLE "DGT_SERVICIO" ADD CONSTRAINT "SEQ_SERVICIO_P" PRIMARY KEY ("SEC_SERVICIO")
  USING INDEX PCTFREE 10 INITRANS 2 MAXTRANS 255 COMPUTE STATISTICS 
  STORAGE(INITIAL 65536 NEXT 1048576 MINEXTENTS 1 MAXEXTENTS 2147483645
  PCTINCREASE 0 FREELISTS 1 FREELIST GROUPS 1 BUFFER_POOL DEFAULT FLASH_CACHE DEFAULT CELL_FLASH_CACHE DEFAULT)
  TABLESPACE "USERS"  ENABLE;
  ALTER TABLE "DGT_SERVICIO" MODIFY ("NAM_SERVICIO" NOT NULL ENABLE);
  ALTER TABLE "DGT_SERVICIO" MODIFY ("SEC_SERVICIO" NOT NULL ENABLE);
--------------------------------------------------------
--  Constraints for Table DGT_TIPO_SERVICIO
--------------------------------------------------------

  ALTER TABLE "DGT_TIPO_SERVICIO" ADD CONSTRAINT "DGT_TIPO_SERVICIO_P" PRIMARY KEY ("ID_TIPO_SERVICIO")
  USING INDEX PCTFREE 10 INITRANS 2 MAXTRANS 255 COMPUTE STATISTICS 
  STORAGE(INITIAL 65536 NEXT 1048576 MINEXTENTS 1 MAXEXTENTS 2147483645
  PCTINCREASE 0 FREELISTS 1 FREELIST GROUPS 1 BUFFER_POOL DEFAULT FLASH_CACHE DEFAULT CELL_FLASH_CACHE DEFAULT)
  TABLESPACE "USERS"  ENABLE;
  ALTER TABLE "DGT_TIPO_SERVICIO" MODIFY ("ID_TIPO_SERVICIO" NOT NULL ENABLE);
  ALTER TABLE "DGT_TIPO_SERVICIO" MODIFY ("NAM_TIPO_SERVICIO" NOT NULL ENABLE);
--------------------------------------------------------
--  Constraints for Table DGT_TIPO_USUARIO
--------------------------------------------------------

  ALTER TABLE "DGT_TIPO_USUARIO" ADD CONSTRAINT "TIPO_USUARIO_P1" PRIMARY KEY ("SEC_TIPO_USUARIO")
  USING INDEX PCTFREE 10 INITRANS 2 MAXTRANS 255 COMPUTE STATISTICS 
  STORAGE(INITIAL 65536 NEXT 1048576 MINEXTENTS 1 MAXEXTENTS 2147483645
  PCTINCREASE 0 FREELISTS 1 FREELIST GROUPS 1 BUFFER_POOL DEFAULT FLASH_CACHE DEFAULT CELL_FLASH_CACHE DEFAULT)
  TABLESPACE "USERS"  ENABLE;
  ALTER TABLE "DGT_TIPO_USUARIO" MODIFY ("NAM_TIPO_USUARIO" NOT NULL ENABLE);
  ALTER TABLE "DGT_TIPO_USUARIO" MODIFY ("SEC_TIPO_USUARIO" NOT NULL ENABLE);
--------------------------------------------------------
--  Constraints for Table DGT_TIPO_USUARIO_SERVICIO
--------------------------------------------------------

  ALTER TABLE "DGT_TIPO_USUARIO_SERVICIO" ADD CONSTRAINT "DGT_TIPO_USUARIO_SERVICIO_U1" UNIQUE ("SEC_TIPO_USUARIO", "SEC_SERVICIO")
  USING INDEX PCTFREE 10 INITRANS 2 MAXTRANS 255 COMPUTE STATISTICS 
  STORAGE(INITIAL 65536 NEXT 1048576 MINEXTENTS 1 MAXEXTENTS 2147483645
  PCTINCREASE 0 FREELISTS 1 FREELIST GROUPS 1 BUFFER_POOL DEFAULT FLASH_CACHE DEFAULT CELL_FLASH_CACHE DEFAULT)
  TABLESPACE "USERS"  ENABLE;
  ALTER TABLE "DGT_TIPO_USUARIO_SERVICIO" ADD CONSTRAINT "TIPO_USUARIO_SERVICIO_P1" PRIMARY KEY ("SEC_TIPO_USUARIO_SERVICIO")
  USING INDEX PCTFREE 10 INITRANS 2 MAXTRANS 255 COMPUTE STATISTICS 
  STORAGE(INITIAL 65536 NEXT 1048576 MINEXTENTS 1 MAXEXTENTS 2147483645
  PCTINCREASE 0 FREELISTS 1 FREELIST GROUPS 1 BUFFER_POOL DEFAULT FLASH_CACHE DEFAULT CELL_FLASH_CACHE DEFAULT)
  TABLESPACE "USERS"  ENABLE;
  ALTER TABLE "DGT_TIPO_USUARIO_SERVICIO" MODIFY ("SEC_SERVICIO" NOT NULL ENABLE);
  ALTER TABLE "DGT_TIPO_USUARIO_SERVICIO" MODIFY ("SEC_TIPO_USUARIO" NOT NULL ENABLE);
  ALTER TABLE "DGT_TIPO_USUARIO_SERVICIO" MODIFY ("SEC_TIPO_USUARIO_SERVICIO" NOT NULL ENABLE);
--------------------------------------------------------
--  Constraints for Table DGT_TURNO
--------------------------------------------------------

  ALTER TABLE "DGT_TURNO" MODIFY ("SERVICIO_SELECCIONADO" NOT NULL ENABLE);
  ALTER TABLE "DGT_TURNO" MODIFY ("SEC_TIPO_USUARIO_SERVICIO" NOT NULL ENABLE);
  ALTER TABLE "DGT_TURNO" ADD CONSTRAINT "SEQ_TURNO_P1" PRIMARY KEY ("SEC_TURNO")
  USING INDEX PCTFREE 10 INITRANS 2 MAXTRANS 255 COMPUTE STATISTICS 
  STORAGE(INITIAL 65536 NEXT 1048576 MINEXTENTS 1 MAXEXTENTS 2147483645
  PCTINCREASE 0 FREELISTS 1 FREELIST GROUPS 1 BUFFER_POOL DEFAULT FLASH_CACHE DEFAULT CELL_FLASH_CACHE DEFAULT)
  TABLESPACE "USERS"  ENABLE;
  ALTER TABLE "DGT_TURNO" MODIFY ("SEC_AGENTE_SERVICIO" NOT NULL ENABLE);
  ALTER TABLE "DGT_TURNO" MODIFY ("IDENTIFICACION_USUARIO" NOT NULL ENABLE);
  ALTER TABLE "DGT_TURNO" MODIFY ("DAT_HORA_SOLICITUD" NOT NULL ENABLE);
  ALTER TABLE "DGT_TURNO" MODIFY ("NUMERO_TURNO" NOT NULL ENABLE);
  ALTER TABLE "DGT_TURNO" MODIFY ("SEC_TURNO" NOT NULL ENABLE);
--------------------------------------------------------
--  Constraints for Table MENSAJE
--------------------------------------------------------

  ALTER TABLE "MENSAJE" MODIFY ("MENSAJE" NOT NULL ENABLE);
  ALTER TABLE "MENSAJE" MODIFY ("TITULO" NOT NULL ENABLE);
  ALTER TABLE "MENSAJE" MODIFY ("ID" NOT NULL ENABLE);
--------------------------------------------------------
--  Constraints for Table MYCUSTOMER
--------------------------------------------------------

  ALTER TABLE "MYCUSTOMER" ADD CONSTRAINT "MYCUSTOMER_PK" PRIMARY KEY ("ID")
  USING INDEX PCTFREE 10 INITRANS 2 MAXTRANS 255 COMPUTE STATISTICS 
  STORAGE(INITIAL 65536 NEXT 1048576 MINEXTENTS 1 MAXEXTENTS 2147483645
  PCTINCREASE 0 FREELISTS 1 FREELIST GROUPS 1 BUFFER_POOL DEFAULT FLASH_CACHE DEFAULT CELL_FLASH_CACHE DEFAULT)
  TABLESPACE "USERS"  ENABLE;
  ALTER TABLE "MYCUSTOMER" MODIFY ("ID" NOT NULL ENABLE);
--------------------------------------------------------
--  Ref Constraints for Table DGT_CLIENTE_PROGRAMA
--------------------------------------------------------

  ALTER TABLE "DGT_CLIENTE_PROGRAMA" ADD CONSTRAINT "DGT_CLIENTE_PROGRAMA_F1" FOREIGN KEY ("SEQ_CLIENTE")
	  REFERENCES "DGT_CLIENTE_ROL" ("SEC_CLIENTE_ROL") ENABLE;
  ALTER TABLE "DGT_CLIENTE_PROGRAMA" ADD CONSTRAINT "DGT_CLIENTE_PROGRAMA_F2" FOREIGN KEY ("SEQ_PROGRAMA")
	  REFERENCES "DGT_PROGRAMA" ("SEQ_PROGRAMA") ENABLE;
--------------------------------------------------------
--  Ref Constraints for Table DGT_CLIENTE_ROL
--------------------------------------------------------

  ALTER TABLE "DGT_CLIENTE_ROL" ADD CONSTRAINT "CLIENTE_ROL_CLIENTE_F1" FOREIGN KEY ("CLIENTE_CEDULA")
	  REFERENCES "DGT_CLIENTE" ("CLIENTE_CEDULA") ENABLE;
  ALTER TABLE "DGT_CLIENTE_ROL" ADD CONSTRAINT "CLIENTE_ROL_ROL_F2" FOREIGN KEY ("SEC_ROL")
	  REFERENCES "DGT_ROL" ("SEC_ROL") ENABLE;
  ALTER TABLE "DGT_CLIENTE_ROL" ADD CONSTRAINT "DGT_CLIENTE_ROL_AREA_F3" FOREIGN KEY ("SEC_AREA")
	  REFERENCES "DGT_AREA" ("SEC_AREA") ENABLE;
  ALTER TABLE "DGT_CLIENTE_ROL" ADD CONSTRAINT "DGT_CLIENTE_ROL_ESTADO_FK" FOREIGN KEY ("SEC_ESTADO")
	  REFERENCES "DGT_ESTADO" ("SEC_ESTADO") ENABLE;
  ALTER TABLE "DGT_CLIENTE_ROL" ADD CONSTRAINT "DGT_CLIENTE_ROL_F4" FOREIGN KEY ("SEC_MODULO")
	  REFERENCES "DGT_MODULO" ("SEC_MODULO") ENABLE;
--------------------------------------------------------
--  Ref Constraints for Table DGT_CLIENTE_SERVICIO
--------------------------------------------------------

  ALTER TABLE "DGT_CLIENTE_SERVICIO" ADD CONSTRAINT "AGENTE_SERVICIO_SERVICIO_F1" FOREIGN KEY ("SEC_SERVICIO")
	  REFERENCES "DGT_SERVICIO" ("SEC_SERVICIO") ENABLE;
  ALTER TABLE "DGT_CLIENTE_SERVICIO" ADD CONSTRAINT "DGT_CLIENTE_SERVICIO_F2" FOREIGN KEY ("SEC_CLIENTE")
	  REFERENCES "DGT_CLIENTE_ROL" ("SEC_CLIENTE_ROL") ENABLE;
--------------------------------------------------------
--  Ref Constraints for Table DGT_PROGRAMA
--------------------------------------------------------

  ALTER TABLE "DGT_PROGRAMA" ADD CONSTRAINT "DGT_PROGRAMA_ANTECESOR_F1" FOREIGN KEY ("PROGRAMA_ANTECESOR")
	  REFERENCES "DGT_PROGRAMA" ("SEQ_PROGRAMA") ENABLE;
--------------------------------------------------------
--  Ref Constraints for Table DGT_SERVICIO
--------------------------------------------------------

  ALTER TABLE "DGT_SERVICIO" ADD CONSTRAINT "DGT_SERVICIO_ANTECESOR_F2" FOREIGN KEY ("SERVICIO_ANTECESOR")
	  REFERENCES "DGT_SERVICIO" ("SEC_SERVICIO") ENABLE;
  ALTER TABLE "DGT_SERVICIO" ADD CONSTRAINT "DGT_SERVICIO_TIPO_F1" FOREIGN KEY ("TIPO_SERVICIO")
	  REFERENCES "DGT_TIPO_SERVICIO" ("ID_TIPO_SERVICIO") ENABLE;
--------------------------------------------------------
--  Ref Constraints for Table DGT_TIPO_USUARIO_SERVICIO
--------------------------------------------------------

  ALTER TABLE "DGT_TIPO_USUARIO_SERVICIO" ADD CONSTRAINT "TIPO_USUARIO_SERVICIO_F1" FOREIGN KEY ("SEC_TIPO_USUARIO")
	  REFERENCES "DGT_TIPO_USUARIO" ("SEC_TIPO_USUARIO") ENABLE;
  ALTER TABLE "DGT_TIPO_USUARIO_SERVICIO" ADD CONSTRAINT "TIPO_USUARIO_SERVICIO_F2" FOREIGN KEY ("SEC_SERVICIO")
	  REFERENCES "DGT_SERVICIO" ("SEC_SERVICIO") ENABLE;
--------------------------------------------------------
--  Ref Constraints for Table DGT_TURNO
--------------------------------------------------------

  ALTER TABLE "DGT_TURNO" ADD CONSTRAINT "TURNO_AGENTE_SERVICIO_F1" FOREIGN KEY ("SEC_AGENTE_SERVICIO")
	  REFERENCES "DGT_CLIENTE_SERVICIO" ("SEC_CLIENTE_SERVICIO") ENABLE;
  ALTER TABLE "DGT_TURNO" ADD CONSTRAINT "TURNO_USUARIO_SERVICIO_F2" FOREIGN KEY ("SEC_TIPO_USUARIO_SERVICIO")
	  REFERENCES "DGT_TIPO_USUARIO_SERVICIO" ("SEC_TIPO_USUARIO_SERVICIO") ENABLE;
